"id","title","area","limitation","current_workaround","proposed_feature","hook_points","benefit","priority","profiles_affected","source_docs","status"
"ER-001","Non-aborting Preview launch (`--preview-mission`)","launch","`--test-mission` sets `AutoTest`, under which any script error, including one in harness `eval`/`exec` text (a debug-console line, a watch, a teleport, an agent snippet), closes the game with exit code 2; mission end and player death quit the process; no briefing is shown; `--no-strict` does not help because `--test-mission` itself sets `AutoTest`.","P1 launch `--test-mission <stage> --window --no-splash --no-strict --harness 0`, presented as a ""strict preview""; generated snippets are pre-checked before sending; a tolerant console waits (DG001 option C); the positional launch without `--test-mission` is a P0 probe (DG001 option B).","[launch] Add `--preview-mission <path>` (runs in place, no staging, no `AutoTest`), `--preview-briefing` (show the briefing first, like Shift+Preview) and `--preview-on-end quit|menu`; preview is treated like `AutoTest` for exit flow only, never for the script-error abort. The maintainers may prefer a mode of `--test-mission` instead (doc 08 open question 9).","`P:Foundation/Platform/AppConfig.cpp#L668-L670` (beside `--test-mission`), `#L806-L808` (absolutise before `-C`); `P:Foundation/Platform/AppConfig.hpp#L236-L239` (getters); `R:apps/cwr/Game/GameApplication.cpp#L1697-L1735` (`StartGameMode`: resolve with `MissionPathLoader`, set `LoadFile`, skip `StageTestMissionForGame`, set a `PreviewMission` flag); `P:World/WorldImpl.cpp#L2235-L2256` (`StartIntro` branch); `P:UI/DisplayUIMenus.cpp#L2012-L2066` (new `StartPreviewMission` modelled on `StartAutoTest`), `#L966-L1007`; `P:UI/OptionsUIApp.cpp#L944-L969`; leave `P:Game/Scripting/ExpressExt.cpp#L150-L165` (the `AutoTest` abort) unchanged; tests: a Catch2 CLI-parse test beside `R:tests/unit/apps/Server/test_simulate.cpp` and a Trident mission test using `extra_args`","A debug console, watches, live tweaks, ""Try it"" and live shot preview that survive their own mistakes; briefing preview; Preview returns to the menu instead of quitting. Unblocks doc 31 §5.4 and §7.4 and doc 32 §4.2.","P1 (B3×F2)","Preview only, no content impact. Ce first; Cwr once ported through CE's `port` label. Cwa199 never.","08 §4.3, §4.4, §6 P3, OQ9, OQ10; 31 §7.4, OQ7; 32 §4.2; 01 §7.3 item 1; DG001 option A","not filed (raise in the CE #35 discussion)"
"ER-002","Open a mission in the in-game editor from the command line (`--edit-mission`)","launch","No documented way launches straight into the in-game editor with a mission. By source reading a positional `…/<name>.<Island>/mission.sqm` calls `OpenEditor()`, while a CE organisation member reports that it plays the mission instead [U].","Export to the user's missions folder and tell the user which clicks to make (doc 08 option 1); a P0 probe of the positional path.","[launch] `--edit-mission <path>` that reuses the existing `OpenEditor()` path, after finding why CE #35 reports that it does not open the editor (one candidate: `OpenEditor()` returning early before `GWorld->Options()` exists [I]).","`P:Foundation/Platform/AppConfig.cpp#L668-L670`; `P:World/WorldImpl.cpp#L2217-L2258` (`StartIntro` `.sqm` branch); `P:UI/DisplayUIMenus.cpp#L1979-L1990` (`OpenEditor`); `P:UI/Map/UIMapExt.cpp#L2883-L2910` (`DisplayArcadeMap` loads the mission)","Round trips with the stock editor for users who also edit there; answers an open community request.","P3 (B1×F2)","Launcher only, no content impact. Ce first; Cwr if ported.","08 §2.4 B, §4.3 items 1 and 3, OQ2; 01 §7.3 item 1, OQ1; 09 P9","proposed (CE #35, opened by others)"
"ER-003","In-process Preview restart (`preview_restart`)","launch","A running game cannot reload `mission.sqm` in-process; every change needs a relaunch, whose boot cost is unmeasured.","Relaunch for each Preview; staging keeps the project the single source of truth.","[harness] A `preview_restart{path}` harness command that closes the `DisplayMission` stack on the main thread and re-runs the preview start. Unwinding the display stack safely is the risky part [I].","`R:apps/cwr/Game/GameApplication.cpp#L556-L594` (`CreateGameHarness`), `#L1743-L1751` (`CanRemount`, the existing ""safe from menu only"" reasoning); the `StartPreviewMission` of ER-001","Fast edit-and-preview loops without a process boot.","P3 (B2×F1)","Preview only; needs ER-001. Ce first.","08 §4.3 item 5, §4.4, §6 P3, OQ3","not filed (after ER-001, and only if the boot time measured for doc 08 OQ3 justifies it)"
"ER-004","`LoadFile` declared as 256 bytes but defined as 512: test-mission paths truncated","launch","`GameApplication.cpp` declares `extern char LoadFile[256]` while the definition is `char LoadFile[512]`, so the game's own re-staged test-mission path (`<TempDir>/mission-smoke/<16 hex>/Missions/<name>.<island>/mission.sqm`) is truncated at 255 bytes.","Keep staging roots and mission folder names short (doc 01 §7.2).","[fix] Make the declaration match the definition (or replace the global with a bounded string type) and add a long-path test.","`R:apps/cwr/Game/GameApplication.cpp#L1701`; `P:Foundation/Platform/Shutdown.cpp#L101`","Previews of missions with long names or deep temporary paths no longer fail obscurely.","P1 (B2×F3)","Launcher, no content impact. Ce, then Cwr.","01 §7.2, §7.3 item 2","not filed"
"ER-005","Launch path handling: positional `.pbo`, `--test-mission <file>` and silent rejections","launch","The positional argument's help text says "".pbo or .sqm"", but `StartIntro` has no `.pbo` branch; `--test-mission` given a `mission.sqm` file copies only that file, so no `<name>.<island>` folder exists and nothing starts; no exit code is set when `ProcessFullName` rejects a path [I].","Always pass the unpacked mission folder; the Preview supervisor watches the log with a timeout.","[launch] Handle a positional `.pbo` or correct the help text; accept a `mission.sqm` path by staging its folder; exit with a documented code when a path is rejected.","`P:World/WorldImpl.cpp#L2217-L2258`; `P:Foundation/Platform/AppConfig.cpp#L764` (help text), `#L1130-L1137`; `R:apps/cwr/Game/GameApplication.cpp#L150-L187` (`#L177-L181`); `P:Game/Mission/MissionPathLoader.hpp#L56-L88`","Fewer silent ""nothing happened"" launches, for Plotroom and for players' shortcuts.","P2 (B1×F3)","Launcher, no content impact. Ce, then Cwr.","01 §7.2 (launch table), §7.3 item 3; 08 §2.4 A","not filed"
"ER-006","Test-mode boot failure keeps the game running; exit code 2 is overloaded","launch","Without `--check`, a failed `StartAutoTest` logs that it could not boot and leaves the game running with no mission. Exit code 2 means a script error, a command-line exception or `--dev` in a release build, so only the log tells them apart, and log text is mission-controllable (ER-013).","A log watch plus a timeout; exit codes mapped and the log read (doc 08 §4.2).","[launch] In test and preview modes, exit with a distinct, documented code when the mission cannot boot, and give command-line errors their own code.","`P:World/WorldImpl.cpp#L2239-L2251`; `R:apps/cwr/Game/GameApplication.cpp#L921-L930`; `P:Foundation/Platform/AppConfig.cpp#L287-L292`, `#L985-L987`","Reliable Preview supervision and clear error messages without log scraping.","P1 (B2×F3)","Launcher, no content impact. Ce, then Cwr.","08 §2.4 A.6, §4.2 (exit-code table)","not filed"
"ER-007","Campaign test launch at a chosen row with seeded campaign variables","launch","Test launches are single-mission only: `StartAutoTest` clears every campaign variable first, and no command line starts a campaign at a chosen row or with given state; whether `--test-mission` reads a campaign `description.ext` is [I].","A throwaway debug campaign whose first mission is a setup router that `saveVar`s the chosen state (doc 18 §8.3); a staged `initintro.sqs` that sets the variables (doc 32 §4.3); a Preview-only prologue that shows what was assumed (doc 35 rc51).","[launch] (proposal of this register [I]) `--test-campaign <dir>` with an optional start row and a variables file, entering the normal campaign path with the variables injected by the same loop as mission start.","`P:UI/DisplayUIMenus.cpp#L2039` (clears campaign variables); `P:AI/AICenter.hpp#L555`; `P:UI/OptionsUIApp.cpp#L350-L384` (Begin), `#L458-L501` (restart from a row), `#L883-L892` (`VarSet` loop); `R:apps/cwr/Game/GameApplication.cpp#L1697-L1735`","Automated whole-campaign and branch tests (Path Explorer, doc 29 §5.3 playthrough checks) without hand-built debug campaigns.","P2 (B2×F2)","Preview only, no content impact. Ce first.","08 §4.2; 32 §4.3; 18 §8.3; 29 OQ2; 35 rc51; integration item I29-08 (engine side)","not filed"
"ER-008","Documented, stable tooling flags","launch","`--test-mission`, `--autotest`, `--check` and `--harness` are Dev-visibility options that appear in no help output of a release build; an official update could strip or change them, and the shipping Steam binary's behaviour is untested.","A capability probe at every launch; the zero-patch export fallback (doc 08 option 1).","[launch] Document these flags as supported tooling options (basic help visibility or a written stability note), in line with CE #166's request to document launch options.","`P:Foundation/Platform/AppConfig.cpp#L139-L179` (help visibility), `#L287-L292` and `#L606-L612` (`--dev` gate), `#L627`, `#L662-L670`","Editors and test tools can rely on the launch path across official updates.","P2 (B2×F2)","Launcher; Cwr and Ce.","01 §7.2 (gating), §7.3 item 1, §10 risk 3; 08 §7","proposed (CE #166, opened by others: launch options not documented)"
"ER-009","Saves inside Preview","launch","Save, load and autosave do not work in the stock editor's Preview (CE #166), and `StartAutoTest` deletes `continue.fps`, `autosave.fps`, `save.fps` and `weapons.cfg` before a test run, so `saveGame` checkpoints cannot be tested in a preview.","Checkpoint modules are validated statically; testing save and load needs a real playthrough.","[launch] Let preview modes save and load into a session-scoped folder that is discarded at exit.","`P:UI/DisplayUIMenus.cpp#L2012-L2064` (`StartAutoTest` deletes the saves); `P:UI/Map/UIMapExtDisplay.cpp#L452-L537` (the stock Preview)","Checkpoint and resume behaviour becomes testable from the editor.","P3 (B1×F2)","Preview only, no content impact.","09 P9; 01 §7.2 (launch table); 31 §2 row 24, §4.6 row 18","proposed (CE #166, opened by others)"
"ER-010","Harness authentication, framing and capabilities","harness","Held until the private security reports are acknowledged (D035).","—","—","—","—","P1 (B3×F2)","Preview and test tooling, no content impact. Ce, then Cwr.","24 §4.1–§4.2, §6 P6, disclosure note (H2–H4); 08 §4.4 (security)","not filed (private report first)"
"ER-011","Test verbs registered by `--test-mission` and `--harness`","harness","Either flag registers about 300 gated `tri*` verbs into the same evaluator that runs the mission's own scripts, including a debug console that runs SQF, file writes with unchecked names, profile and settings changes, MP admin commands and synthetic input (doc 24 F2).","The linter denies test and debug verbs in missions (doc 24 §5.2); Preview runs a staged copy; the Preview dialog says plainly that it runs the mission with the user's rights.","[launch] Register test verbs only with an explicit `--test-verbs` flag that Trident passes, so Preview flags alone do not widen the mission's reach (doc 24 P2).","`P:Game/Commands/GameStateExtTestAudio.cpp#L2990-L2994` (the gate); `R:apps/cwr/Server/ServerApplication.cpp#L171-L174`; the new flag in `P:Foundation/Platform/AppConfig.cpp` beside `--test-mission`; Trident spawn in `R:engine/Trident/src/client/instance.rs`; gate test `R:tests/unit/engine/Poseidon/Dev/Debug/test_dev_mode_gates.cpp#L43-L83`","Previewing a downloaded mission no longer hands it the test and debug toolbox.","P1 (B3×F2)","Preview and test tooling, no content impact. Ce, then Cwr.","24 F2, §6 P2, OQ9; 08 §2.4 (AutoTest side effects)","not filed"
"ER-012","UI harness commands and the `log` event","harness","The protocol schema lists `click`, `wait_display`, `query{what:""display""}` and a `log` event, but `PoseidonGame` registers none of the three commands (their `RegisterUIQuery`/`RegisterWaitDisplay` helpers have no call site) and no emitter for `log` was found.","UI clicks through `exec` of the gated test verb `triClick <idc>`; display changes from `display` events; logs from `--log-file` or stdout.","[harness] Register the UI query and wait commands in `PoseidonGame` (behind ER-010's capability flags) and emit the `log` event, or remove them from the schema.","`R:apps/cwr/Game/GameApplication.cpp#L556-L594`, `#L1020-L1022`; `P:Dev/Harness/HarnessBuiltins.cpp#L917-L963`; `R:engine/Trident/protocol/harness.schema.json#L1-L141`; `P:Game/Commands/GameStateExtTestAudio.cpp#L3003` (`triClick`)","Preview automation without test verbs; the schema matches the binary.","P2 (B1×F3)","Preview tooling only.","08 §2.5, OQ8; 24 §4.2","not filed"
"ER-013","Structured script-error and mission-end events","harness","Preview results are read from exit codes and log lines (`Script error at`, `AUTO-TEST SUCCESS`, `HARNESS_PORT=`), but missions control log text (`logInfo`, `textLog`, `debugLog`) and on-screen messages (`showDebug`), so a mission can imitate those markers (doc 24 F6). Doc 08 lists a `mission_state` event whose payload the docs do not describe [U].","Prefer exit codes and harness events; never treat log text as proof of success; lint L6 warns on log text that imitates engine markers.","[harness] Harness events for script errors (with script and line, see ER-046) and for mission end (with the end code), plus harness `load_mission`/`preview` commands for a live link (doc 01 §7.3 item 4).","`P:Game/Scripting/ExpressExt.cpp#L146-L178` (error path); `P:UI/DisplayUIMenus.cpp#L984-L1007` (mission end); `P:Game/Commands/GameStateExtWorld.cpp#L749-L773` (`logInfo`, `textLog`, `debugLog`); `P:Game/Commands/GameStateExtObj.cpp#L1168-L1186` (`showDebug`); `R:engine/Trident/protocol/harness.schema.json#L1-L141`","Trustworthy Preview results and error locations without parsing mission-controllable text.","P2 (B2×F2)","Preview tooling only.","24 F6, §5.4, L6; 01 §7.3 item 4; 08 §2.5, §4.2","not filed"
"ER-014","Ungated test modules with network egress (`triHttpGet`)","security","Held until the private security reports are acknowledged (D035).","—","—","—","—","P1 (B3×F3)","All Remastered builds (Cwr, Ce); no content impact.","24 TL;DR, F1, §6 P1, OQ1, OQ12, OQ13; 23 OQ6","not filed (private report first)"
"ER-015","Script file lookups escape the mission folder","security","Held until the private security reports are acknowledged (D035).","—","—","—","—","P1 (B3×F2)","All Remastered builds; legitimate mission, campaign, root and bank lookups unchanged.","24 F3, §3.2, §6 P3, OQ3","not filed (private report first)"
"ER-016","`saveMission`/`loadMission` take a raw path on servers","security","Held until the private security reports are acknowledged (D035).","—","—","—","—","P1 (B2×F3)","Cwr and Ce servers; `saveMission` is post-1.99.","24 F4, §6 P4, OQ7","not filed (private report first)"
"ER-017","`remoteExec` reaches engine commands under a policy the mission sets","security","Held until the private security reports are acknowledged (D035).","—","—","—","—","P1 (B3×F3)","Cwr and Ce (MP); `remoteExec` is absent from 1.99.","24 F9, §6 P9, L10, OQ14","not filed (private report first)"
"ER-018","`http_fixture` target check and unrestricted fetch protocols","security","Held until the private security reports are acknowledged (D035).","—","—","—","—","P1 (B2×F3)","All Remastered builds; no content impact.","24 §4.2, F1, §6 P7, OQ4, OQ12","not filed (private report first)"
"ER-019","Unchecked names in test verbs","security","Held until the private security reports are acknowledged (D035).","—","—","—","—","P2 (B1×F3)","Test tooling (gated verbs).","24 F2, §6 P5","not filed"
"ER-020","Optional capability policy in the evaluator (`--script-policy untrusted`)","security","Held until the private security reports are acknowledged (D035).","—","—","—","—","P2 (B3×F1)","An opt-in launch flag; vanilla missions unaffected.","24 TL;DR, F7, §5.1, §6 P8","not filed"
"ER-021","Non-literal numbers in config and `mission.sqm` run as code at load","security","Held until the private security reports are acknowledged (D035).","—","—","—","—","P2 (B2×F2)","All Remastered builds; the template wizard keeps working.","24 F10, L12, OQ15; 35 §5.8, OQ5","not filed (probe first; private report, like F1 and F3)"
"ER-022","A mod can redirect the master server","security","Held until the private security reports are acknowledged (D035).","—","—","—","—","P1 (B2×F3)","Cwr and Ce; no content impact.","42 §6.3, D11, MAT12, OQ10; integration item I42-08 (engine side)","not filed (owner decides the channel)"
"ER-023","`endGame` quits the process in CWR","security","Held until the private security reports are acknowledged (D035).","—","—","—","—","P1 (B2×F3)","Cwr only (fixed in Ce; 1.99 lacks the command).","24 F5, §3.5, §6; 35 §5.9, §8.4, OQ11; 18 §5","shipped (Ce @b67bf3bd62); Cwr: not filed"
"ER-024","Unbounded `resize` and nested loops","security","Held until the private security reports are acknowledged (D035).","—","—","—","—","P2 (B1×F3)","All Remastered builds.","24 §3.8","not filed"
"ER-025","The `EvalState` tool's `exec` reads host files","security","Held until the private security reports are acknowledged (D035).","—","—","—","—","P2 (B1×F3)","Tool only; no game impact.","24 F8; 23 §2 (`PoseidonEvaluator`)","not filed"
"ER-026","Campaign variables are missing after the debriefing Restart (E5)","campaign","The debriefing Restart re-initialises the mission without re-injecting campaign variables, for the whole attempt. `GStats` stays as it was when the debriefing opened, so a finisher on this path reads nil: its derived commits silently vanish while constant writes still commit, and a bootstrap guard would overwrite the stored seed.","Doc 29 row 13's guard in every mission with stored rolls (detects the missing variables, blocks commits and endings, points to the campaign book); `lives = 0` where acceptable; a bootstrap prologue row with no debriefing (doc 43 §2.5).","[fix] Re-inject campaign variables on the debriefing Restart with the same `VarSet` loop as mission start; optionally restore `GStats._campaign` from the current row's snapshot on Retry. Vanilla content is unaffected except that it now works.","`P:UI/Map/UIMapDialogs.cpp#L665-L695` (add the loop at `#L677-L694`); loop model `P:UI/OptionsUIApp.cpp#L883-L892`; optional `P:UI/DisplayUIMenus.cpp#L1058-L1068`","Restarting a failed campaign mission behaves like the first attempt; closes the one anti-scum hole of stored rolls.","P1 (B3×F3)","Cwr and Ce (behaviour fix, no new syntax). Plotroom keeps its guard until every targeted build has the fix; Cwa199 behaviour [U] (doc 18 OQ2).","18 TL;DR, §6.1 gotcha 2, §9 E5, OQ2, OQ7; 29 §2 row 13, §7; 43 §2.2, §2.5, engine review; 19 §9","not filed"
"ER-027","`objects.sav` survives a new playthrough (E6)","campaign","`saveStatus` and `saveIdentity` write one unversioned `objects.sav` per campaign, and ""Begin"" deletes only the `.fps` saves, so stale gear, wounds and identities from an old playthrough can be read.","Versioned keys with a run nonce and the producing node (doc 18 §8.4).","[key] An opt-in campaign key `resetObjectsOnStart = 1` that clears `objects.sav` on ""Begin campaign""; vanilla behaviour when the key is absent.","`P:UI/OptionsUIApp.cpp#L433-L447` (Begin deletes the `.fps` files only), `#L350-L384`","New playthroughs start clean without key versioning.","P1 (B2×F3)","Ce opt-in key (Cwr after a port); ignored elsewhere, so the nonce keys stay.","18 §6.3, §7, §9 E6; 29 §7; 19 §9; 43 §2.2","not filed"
"ER-028","Per-row `objects.sav` snapshot (E7)","campaign","`objects.sav` is not part of the campaign history, so restart-from-row reverts `saveVar` state and the weapon pool but never identity and status blobs (per-hit-point wounds, vehicle ammunition and cargo).","Scalars plus versioned keys (`<runId>_<producerNode>_<slot>`), with the producing node kept in a `saveVar` that reverts.","[key] Snapshot `objects.sav` per history row and restore it with the row, behind an opt-in campaign key (name to be agreed).","copy at `P:UI/OptionsUI.cpp#L1693-L1712`, or embed in `P:UI/OptionsUICommon.hpp#L61-L105`; restore at `P:UI/OptionsUIApp.cpp#L458-L501`, `#L525-L527`; path at `P:Game/Commands/GameStateExtWorld.cpp#L837`","Blobs revert with the row; no versioned keys and no file growth.","P2 (B2×F2)","Ce opt-in; versioned keys elsewhere.","29 §2 rows 1, 3, 9, 13, §7 E7; 18 §6.3, §8.4","not filed"
"ER-029","Ironman (E8)","campaign","Ironman cannot be enforced: the campaign book allows restart from any row and replay, and the debriefing offers Restart.","A detect-only ledger (doc 29 probe PR19); Ironman as a preset of cushion, fatigue, timers and clock speed.","[key] `ironman = 1`: the book offers only Continue and New, and row restart, replay and the debriefing Restart are refused (the last already refuses when `lives == 0`).","`P:UI/OptionsUIImpl.cpp#L1034-L1234`; `P:UI/OptionsUIApp.cpp#L458-L553`; `P:UI/Map/UIMapDialogs.cpp#L665-L676`","True stakes for strategic campaigns.","P2 (B2×F2)","Ce opt-in; Cwr and Cwa199 keep detection only.","29 §1.3, §2 row 13, §7 E8, OQ9; 43 §2.5","not filed"
"ER-030","Routable player death (E9)","campaign","A dead single-player player produces `EMKilled`, which opens Retry/Load/Quit instead of a campaign transition; `exit.sqs` does not run; single-player respawn is hard-wired off. If `EMKilled` reaches `NextMission` (only with `lives = 0`), the switch has no case for it, so the same mission is re-selected and marked completed [V by reading].","Failure routed through a `LOOSE` trigger while the player lives (""squad wiped"", ""objective failed""); a commander with plot armour.","[key] `killedEnd = ""lost""` or `""endN""` on a campaign mission turns player death into that ending, through the finisher path; add the missing `EMKilled` case.","`P:UI/DisplayUIMenus.cpp#L966-L981`; `P:World/WorldImpl.cpp#L541-L657`; `P:UI/OptionsUI.cpp#L1925-L1948` (no `EMKilled` case); SP respawn `P:World/Entities/Infantry/SoldierOldMove.cpp#L1026-L1029`","""KIA: command passes to Sgt X"" stories and a memorial camp instead of Retry.","P2 (B2×F2)","Ce opt-in (CE-only badge); elsewhere player death stays Retry.","29 §1.4, §2 row 2, §7 E9; 18 TL;DR, §4, §5, §7; 19 §4","not filed"
"ER-031","State-driven campaign-book row names (E10)","campaign","A campaign-book row shows the mission's `briefingName` (else `<file>.<island>`), so rows that share a template (routers, repeated operations) cannot show state such as ""Op HAMMER (turn 12)"".","A distinct `briefingName` per template; shared templates show the same name.","[key] Take the row name from a campaign variable (for example `cmp_bookName`) when it is set.","`P:UI/DisplayUIMenus.cpp#L812-L821`; `P:UI/OptionsUIApp.cpp#L863-L871`; stored at `P:UI/OptionsUI.cpp#L1104-L1136`","A readable campaign history for generated and looping campaigns.","P2 (B1×F3)","Ce opt-in; `briefingName` elsewhere.","29 §2 row 10, §7 E10; 18 §6.2","not filed"
"ER-032","Variables in briefing and debriefing text (E11)","campaign","`briefing.html` and the debriefing are static apart from `OBJ_` sections (evaluated as variables and skipped when hidden) and the narrative chosen by the end code, so exact numbers such as resources or casualties appear only in hints and dialogs.","Bucketed variant lines as hidden `OBJ_` sections that the finisher reveals; hints and dialogs for exact values.","[key] Opt-in variable substitution in briefing and debriefing HTML, reusing the `Evaluate` call already made for `OBJ_` sections.","`P:UI/Map/UIMapDisplay.cpp#L614`; `P:UI/Map/UIMapDialogs.cpp#L910`; existing `Evaluate` at `P:UI/Map/UIMapDisplayBriefing.cpp#L468-L470`","The notebook shows the campaign's real numbers.","P2 (B2×F2)","Ce opt-in; bucketed lines elsewhere.","29 §2 rows 7 and 14, §7 E11; 19 F9, F10","not filed"
"ER-033","No campaign variables in outros, award and chapter cutscenes, and late in intros (E12)","campaign","Chapter cutscenes, outros and award cutscenes run `SwitchLandscape`, which wipes globals, and never reload campaign variables; mission intros inject them only after the intro's unit init lines have run.","State-dependent cinematics go in a mission `Intro` driven from `initintro.sqs`, or in a router or cutscene node; lint C16; the Cutscene Director's cards cannot vary by state in those hosts (doc 39 §3).","[fix] Run the `VarSet` loop when outros, award cutscenes and chapter cutscenes initialise, and before intro unit inits; opt-in if the maintainers prefer.","loop `P:UI/OptionsUIApp.cpp#L883-L892`; outro `P:UI/DisplayUIMenus.cpp#L1331-L1374`, award `#L1376-L1407`, chapter `#L1409-L1450`; intro order `#L1257-L1292`, `#L1310-L1320`; `P:World/WorldInit.cpp#L622-L632`","State-aware roll calls, epilogues and chapter openings.","P2 (B2×F2)","Ce, then Cwr; Cwa199 keeps cutscene nodes and router missions.","29 §2 row 2, §7 E12; 18 TL;DR, §6.1, §7; 32 §2.1; 39 §3; 19 lint C16","not filed"
"ER-034","Strategic intermission display (E13)","campaign","There is no screen between missions: every strategic choice (a geoscape, a barracks) costs a camp-mission load and a campaign-book row.","A playable camp mission with stations and a terminal, visited every 3–4 operations (doc 29 §4).","[key] A finished mission class with `strategicDisplay = ""<Rsc>""` opens that dialog before `NextMission`, with campaign variables injected and the chosen code passed on. Running SQS without a simulating world needs a design check [I].","open at `P:UI/OptionsUIApp.cpp#L1039-L1048`; resources as in `P:Game/Commands/GameStateExtWorldDialog.cpp#L129-L166`; variables via `P:UI/OptionsUIApp.cpp#L883-L892`; commit into `P:AI/AICenterStats.cpp#L69-L80`; code passed to `P:UI/OptionsUI.cpp#L1894-L2022`","A real geoscape and barracks with no load and no book row: the north-star strategic layer.","P2 (B3×F1)","Ce opt-in; the camp mission elsewhere.","29 §1.4, §2 rows 5, 10 and 12, §7 E13, OQ9","not filed"
"ER-035","A camp self-loop keeps its first snapshot (E14)","campaign","A self-loop adds no history row (`AddMission` skips a row whose name equals the last one), so a camp that loops to itself keeps the snapshot of its first visit and restart returns to an old camp day.","In-mission rest days.","[fix] Refresh the row snapshot when a mission transitions to itself.","`P:UI/OptionsUI.cpp#L1122-L1127`","Restart returns to the latest camp day.","P3 (B1×F2)","Ce, then Cwr.","29 §2 row 12, §7 E14; 18 §4","not filed"
"ER-036","Declarative router fast-path (E1)","campaign","Transitions are a static table: at most 7 outgoing codes per mission (`lost`, `end1`..`end6`), no conditions or expressions in the campaign classes, and CWR's config `__EVAL` returns a quoted string that cannot name a mission class. State-dependent routing therefore needs zero-gameplay router missions, each costing a world initialisation and a book row.","Router missions (doc 18 Pattern B) whose generated SQS evaluates the guard and ends with one of the seven codes; router trees for fan-out above 7.","[key] A router class may carry `class CEDecide { end1 = ""<expr>""; … }`; at transition time the engine evaluates the expressions against the campaign variables and hops straight to the target, skipping the router's world, with a capped hop depth. On other builds the router mission plays, and its SQS evaluates the same expression text.","refactor `P:UI/OptionsUI.cpp#L1925-L1986` into `ResolveNext()` and loop before template resolution at `#L1988`; evaluate as `Detector` does (`GameState::EvaluateBool`, `P:World/Detection/Detector.cpp#L1259-L1264`) on a scratch state filled by the `VarSet` loop of `P:UI/OptionsUIApp.cpp#L883-L892`; skip `AddMission` for skipped routers; `__EVAL` at `P:IO/ParamFile/ParamFile.cpp#L1703-L1733` and `P:IO/ParamFile/ParamFileEval.cpp#L121-L129`","Branching without router loads and rows.","P3 (B2×F1)","Ce opt-in; router missions everywhere, with the same expression text.","18 TL;DR, §4, §7, §8.2, §9 E1; 19 §9; 29 §7","not filed (only once real campaigns show that router UX hurts, doc 18 §9)"
"ER-037","Hide router rows in the campaign book (E3)","campaign","Vanilla always fills a history row's `displayName` (`briefingName`, else `<file>.<island>`), so every router or cutscene node shows as a campaign-book row the player can restart from.","Meaningful `briefingName` on routers; neutral naming.","[key] `hideInHistory = 1` passes an empty `displayName` to `AddMission`; the book already skips rows with empty names.","`P:UI/DisplayUIMenus.cpp#L812-L821`; `P:UI/OptionsUIApp.cpp#L863-L871`; book filter `P:UI/OptionsUIImpl.cpp#L1069-L1083` (`#L1075-L1078`)","A clean campaign book for branching campaigns.","P2 (B1×F3)","Ce opt-in; neutral router names elsewhere.","18 §6.2, §7, §9 E3; 19 §9; 29 §7","not filed"
"ER-038","Cross-chapter direct targets (E2)","campaign","Mission-level `endN` targets must be in the same chapter; a cross-chapter edge always lands on the target chapter's `firstMission`.","One engine chapter for the whole graph (the default); a router as each chapter's `firstMission`.","[key] Allow direct targets such as `end1 = ""Act2/M05""`.","`P:UI/OptionsUI.cpp#L1950-L1986` (`#L1985`)","Real chapters (chapter cutscenes, book grouping) without router hops.","P3 (B1×F2)","Ce opt-in.","18 §4, §7, §9 E2, OQ6","not filed (low value while a single chapter is the default)"
"ER-039","Ending and state commands (`endMission`, `unsaveVar`) (E4)","campaign","No script command ends a mission with a chosen code (`endMission`, `failMission`), and a campaign variable cannot be deleted: `nil` cannot be saved (assigning nil deletes the global; `saveVar` of a missing variable does nothing) and there is no `isNil`.","Condition-only END triggers driven by a compiler flag, with `forceEnd` only to release a blocking effect; every campaign variable initialised in the first mission; the `format [""%1"", v]` nil idiom.","[command] `endMission`, `unsaveVar` and similar commands. Rejected for generated content (doc 18 §9): missions that use them break on 1.99 and Cwr. Revisit only as an explicit Ce-profile capability.","`P:Game/Commands/GameStateExt.cpp#L881-L895`, `#L1069`; `P:Game/Commands/GameStateExtGrp.cpp#L412-L425`; `EVAL:express.cpp#L2504-L2505`, `#L1908-L1913`","Simpler endings and state hygiene, for Ce-only content.","n/a","Ce only if it is ever filed; never in Cwa199 or Cwr output.","18 §5, §6.1, §7, §9 E4; 31 verification (mission end)","won't file (doc 18 §9 verdict)"
"ER-040","Award cutscenes are never selected","campaign","`CheckAward` starts `best` at `INT_MAX` and tests `limit > best`, so no award cutscene is ever selected in CWR while penalties still play; the official 1985 campaign's authored reward cutscenes never play [V by reading; runtime and 1.99 U].","Generated campaigns never depend on `Awards` (doc 35 rc80); reward beats go in a mission `Intro` or a cutscene node.","[fix] Initialise the award search so that the best qualifying award is selected, mirroring the penalty branch.","`P:UI/OptionsUI.cpp#L1756-L1892` (award loop `#L1843-L1888`)","Official and community reward cutscenes play again.","P1 (B2×F3)","Cwr and Ce (behaviour fix); Plotroom keeps rc80 for Cwa199 and older builds.","18 §2, §4, §7, OQ1; 35 §3.4, OQ6","not filed (confirm at runtime first)"
"ER-041","Campaign arrays alias in memory","campaign","`saveVar` stores a variable's value as it is, re-injection shares it, the row snapshot is a shallow copy and `set` mutates arrays in place, so `cmp_roster set [0, x]` changes the campaign table and the current row's snapshot without any `saveVar`, which breaks transactional commits and restart-from-row [V by reading, runtime U].","Generated code never mutates a campaign array in place: copy it (`[] + a`), rebuild any changed nested row, then assign and `saveVar` in the finisher.","[fix] Deep-copy array values when they are saved, re-injected and snapshotted.","`EVAL:express.cpp#L2104-L2112` (shared data), `#L678-L708` (`set`); `P:AI/AICenterStats.cpp#L69-L80`; `P:UI/OptionsUI.cpp#L1132`","Campaign state reverts exactly on restart, even with hand-written scripts.","P2 (B2×F2)","Cwr and Ce; generated glue keeps copy-then-assign.","18 TL;DR, §6.1 gotcha 4, §7, OQ1","not filed (probe first)"
"ER-042","Weapon-pool gaps at campaign start and on resume","campaign","Pool commands do nothing until the first history row exists, and a new campaign creates it only when the first mission's gameplay starts (so not in the first chapter cutscene, the first intro, or the first mission's unit inits, straight-line `init.sqs` and briefing). In-mission pool changes are lost when an aborted mission resumes from `continue.fps` [V by reading, runtime U].","Fill the pool from a trigger or a delayed script in the first mission; apply pool changes in the finisher at mission end.","[fix] Create the first history row before the first mission initialises, and keep in-mission pool changes with `continue.fps`.","`P:UI/OptionsUIApp.cpp#L360-L384`, `#L893-L941`, `#L448-L457`; `P:UI/OptionsUI.cpp#L1386-L1650`, `#L1704-L1711`","Pool logic works where authors expect it to.","P3 (B1×F2)","Cwr and Ce.","18 §6.4, §10","not filed"
"ER-043","A refused campaign mission silently takes the `lost` branch","campaign","The load path refuses a section with no groups or one that fails `IsConsistent` (group and seat caps, a player unit); in a campaign the refused mission is booked like a cutscene-only entry, the loser outro plays and the campaign moves down the `lost` branch with no message.","Plotroom checks the same limits before export (lints VY11 and rc67) and never emits a group-less playable section.","[fix] Show and log the reason (section, rule, counts) when a campaign mission is refused, and stop instead of taking the `lost` edge.","`P:UI/Map/UIArcadeWaypoint.cpp#L924-L970` (`ParseCutscene`; refusal at `#L966-L970`); `P:AI/ArcadeTemplate.cpp#L1754-L1860` (`IsConsistent`); `P:UI/OptionsUIApp.cpp#L860-L875`, `#L1015-L1048`","Broken campaign missions are reported, not silently skipped.","P1 (B2×F3)","Cwr and Ce.","43 §2.7, engine review; 04 §3.9; 18 TL;DR","not filed"
"ER-044","No persistence across campaigns","campaign","`objects.sav` and campaign variables belong to one campaign; separate campaigns cannot see each other, and standalone missions start with an empty table.","Unlocks across playthroughs of the same campaign through `objects.sav` markers (doc 43 §3.6); cross-campaign unlocks stay editor-side suggestions.","[command] An opt-in, per-profile key-value store readable by any mission.","status-store model `P:Game/Commands/GameStateExtWorld.cpp#L814-L945`; `P:AI/AICenterStats.cpp#L69-L80`","Series of campaigns that remember the player.","P3 (B1×F2)","Ce opt-in capability only.","43 §2.2, §3.6; 18 §6.3","not filed"
"ER-045","Campaign limits recorded but not requested","campaign","No MP campaign flow (the dedicated server cycles a flat mission list, and `saveVar` has no cross-mission effect in MP); one savegame slot per campaign; object and group values in `saveVar` are stored as ID references and are unreliable across missions; no vehicle pool or unit roster; 256-character template and path buffers; cutscene-only nodes always leave through `lost`.","Campaign features are single-player; strings and numbers in `saveVar`; roster and hangar modules built from scalars and `saveStatus` blobs (doc 29); short names; `lost` mapped to the successor.","[none] Recorded for completeness: each is either handled at no user-visible cost or would change the save or network format.","`P:Network/NetworkServerSimulate.cpp#L528-L552`; `P:Game/Commands/GameStateExt.cpp#L77-L107`; `P:World/Scene/Object.cpp#L1547-L1561`; `P:UI/Map/UIArcadeWaypoint.cpp#L872-L873`; `P:UI/OptionsUIApp.cpp#L860-L875`","—","n/a","—","18 §6.1, §6.4, §6.5, §7; 29 §1.4","won't file"
"ER-046","Script errors carry no file or line","scripting","A script error is one log line, `Script error at '<before>|#|<after>': <text>`, with no file name or line; the snippet starts at the failing statement of the innermost code string, and the texts are localised.","Parse `--log-format jsonl` (category `Script`), split on `|#|` and map through Plotroom's source maps; pin `--lang English`.","[fix] Include the script file (or the mission field or trigger that owns the code) and the SQS line number in the error, and in the harness event of ER-013.","`EVAL:express.cpp#L2988-L3011` (`ShowError`), `#L2768`; `P:Game/Scripting/ExpressExt.cpp#L146-L178`; SQS line handling `P:Game/Scripting/Scripts.cpp#L441-L479`","Every mission maker, with or without Plotroom, can find the failing line.","P1 (B3×F2)","Diagnostics only; Cwr and Ce.","31 §7.4, §10; 09 P2; DG034 (doc 31 §10 additions)","not filed"
"ER-047","`RptF` is compiled to a no-op","scripting","Reports sent through `RptF` never reach a log, among them the SQS ""Only one field"" report for a `?` line without `:` and the ""Max iteration count"" text of the 10,000-iteration `while` cap (only a generic error shows).","Plotroom lints these cases before they run (doc 31 §7.2).","[fix] Route `RptF` to the warning log.","`P:Foundation/Framework/DebugLog.hpp#L61`; `EVAL:express.cpp#L788-L798`; `P:Game/Scripting/Scripts.cpp#L292-L317`","Silent script failures become visible in every log.","P1 (B2×F3)","Diagnostics; Cwr and Ce.","31 §7.2, §10, verification (held facts); DG034 (doc 31 §10 additions)","not filed"
"ER-048","SQS failures that stay silent","scripting","Several SQS mistakes fail without a useful log line: an unknown `goto` label is logged at DEBUG only and the script exits; with duplicate labels the first wins (case-insensitively); lines over 4,095 bytes are truncated; a non-Bool runtime condition records a type error that is never displayed and counts as false, so an `@` can wait forever; a missing `exec`/`preprocessFile`/`loadFile` target warns only once per severity per session (`SINGLE_WARNING`); `preprocessFile` returns """" after a preprocessor error.","Silent-failure lints come first (doc 31 §7.2); flags are always initialised before an `@` reads them.","[fix] Log each case at WARNING level with script name and line; report missing files per file, not once per session; display the type error of a non-Bool condition.","`P:Game/Scripting/Scripts.cpp#L97-L334` (line read `#L97-L123`, buffer `#L165-L172`), `#L552-L564`; `EVAL:express.cpp#L93-L129`, `#L2773-L2793`; `P:World/Simulation/Animation/FrameFunctions.cpp#L55-L63`","Fewer mysteries in every mission's scripts.","P1 (B2×F3)","Diagnostics; Cwr and Ce.","31 §7.2, verification item 7; 32 §2.7; 19 F7","not filed"
"ER-049","SQS parse traps: `:` in `?` lines and long `~` delays","scripting","An SQS `?` line splits at the first `:` even inside a string, so the error points at a misleading fragment; a `~` delay is built in a 256-byte buffer, so an expression over about 233 bytes loses its closing `)` and fails to parse.","No `:` inside lowered guards (text literals are restricted); short delay expressions; lints.","[fix] Split `?` lines outside string literals only, and size the delay buffer to the expression (or report an explicit error).","`P:Game/Scripting/Scripts.cpp#L292-L318`, `#L253-L289` (`#L263-L281`)","Fewer baffling late errors.","P2 (B1×F3)","Cwr and Ce (only malformed lines change).","31 §7.2 (""Late""), verification item 7; 19 F6; 32 §2.7","not filed"
"ER-050","Config values over 2,047 bytes are silently truncated","scripting","A config token or value is copied into a 2,048-byte buffer, so text values longer than 2,047 bytes (long init fields, conditions, activations) are silently truncated on parse; the binary loader caps strings at 4,095 bytes.","Lint PL08 (error on a field over 2,047 bytes); long code moves into generated `.sqs` files.","[fix] Report truncation as an error naming the key, or grow the buffer.","`P:IO/ParamFile/ParamFilePrivate.inc#L10`, `#L52-L55`; `P:IO/Streams/SerializeBin.cpp#L126-L153`","Long init lines no longer break in silence.","P1 (B2×F3)","Cwr and Ce.","04 §2.1; 37 §1.1, PL08","not filed"
"ER-051","Unknown enum values and half-loaded items stay silent","scripting","Inside an `ItemN`, an unknown enum string or a missing required key stops that item's remaining keys from loading, and the mission loads with a half-default unit and only an RPT line. Script setters (`setBehaviour`, `setCombatMode` and others) treat unknown strings as silent no-ops, so shipped typos such as `CARELSS` never worked.","Plotroom's engine-strict validator flags these as errors; pickers offer only valid values.","[fix] Warning-level logs that name the item, key and value; script setters report unknown values as script errors.","`P:IO/Serialization/ParamArchive.hpp#L406-L411`; `P:IO/Serialization/ParamArchive.cpp#L521-L529`; `P:Game/Commands/GameStateExtGrp.cpp#L171-L261`","Typos surface where they happen.","P2 (B2×F2)","Diagnostics; Cwr and Ce.","04 TL;DR, §2.3; 03 §3.7 (consolidation qualification); 37 §1.1; 35 §8.4","not filed"
"ER-052","The `disableUserInput` counter leaks across missions","scripting","`disableUserInput true` increments a counter and `false` decrements it; input is enabled while the counter is at most 0. The counter is reset only when the World object is constructed, not per mission, and while set it discards all mouse input, so a leaked lock outlives the mission and an extra `false` breaks a later lock.","Lint ""unbalanced input lock""; generated sequences pair every lock with an unlock in a skip-safe epilogue.","[fix] Reset the counter at every mission and section start, and clamp it at 0.","`P:World/WorldSetup.cpp#L1342-L1356`; `P:World/WorldInit.cpp#L167`; `P:Input/InputProcessingSdl.cpp#L192-L227`","A buggy cutscene can no longer leave the game without input.","P1 (B2×F3)","Cwr and Ce.","32 §2.7, §3.7; 31 verification (held facts); 24 §3.6","not filed"
"ER-053","`respawn = SIDE` is not implemented","scripting","`respawn = SIDE` behaves like GROUP and logs an ERROR-level line through `Fail()` on every player death, which is fatal under `--strict`; an out-of-range value means NONE.","The respawn picker lists SIDE as ""same as GROUP"" and writes `GROUP`.","[fix] Log once at WARNING level; optionally implement SIDE (respawn into another unit of the same side).","`P:World/Entities/Infantry/SoldierOldMove.cpp#L1118-L1120`; `P:Foundation/Framework/DebugLog.hpp#L58`, `#L67`; `P:Network/NetworkServerMission.cpp#L341-L359`","MP missions that ask for SIDE do not spam errors or abort strict runs.","P2 (B1×F3)","Cwr and Ce (MP).","31 §3, §4.6 row 6, §7.4, §10, verification item 12; 35 rc24; DG034 (doc 31 §10 additions)","not filed"
"ER-054","Respawn and death hooks need a root copy to run","scripting","Every respawn and death hook (`onPlayerKilled.sqs`, `onPlayerRespawnAsSeagull.sqs` and the others) starts only if the root `scripts\<hook>` exists; the mission, campaign and root lookup runs after that gate, so a mission's own hook runs only when the installation ships a root copy.","A probe per install (doc 31); the death-sequence module picks its pattern by respawn mode (a repeating `!alive player` trigger for INSTANT and BASE).","[fix] Gate on the resolved lookup (mission, then campaign, then root) instead of on the root file.","`P:World/Entities/Infantry/SoldierOldMove.cpp#L880`, `#L1068-L1086` (`#L1076`); lookup `P:UI/OptionsUI.cpp#L630-L655`","Mission-local death and respawn scripts run as authors expect.","P1 (B2×F3)","Cwr and Ce.","31 §4.5, §4.6 row 20, §10, verification item 4; DG034 (doc 31 §10 additions)","not filed (confirm with the doc 31 probe)"
"ER-055","Respawn markers match by prefix","scripting","Respawn markers match by case-insensitive prefix with a random pick, so a unit named `w` matches `respawn_west…` markers; a side without its own marker can land on another side's; the resistance marker is spelled `respawn_guerrila`; with no marker, BASE respawns in place.","Generated marker names with collision-safe suffixes; a lint on prefix collisions.","[key] An opt-in exact-match mode for respawn markers.","`P:World/Entities/Infantry/SoldierOldMove.cpp#L723-L803`, `#L1136-L1174`","Predictable respawn points.","P3 (B1×F2)","Ce opt-in.","31 §4.6 row 6, verification item 12; 37 PAT12","not filed"
"ER-056","Scripts started from `exit.sqs` are cut short","scripting","`exit.sqs` runs in one `SimulateScripts()` call; a script `exec`'d from it joins the list being iterated, so it runs its first 100 lines up to its first wait and nothing after; `exit.sqs` does not run on player death.","The finisher's commit stays inline in `exit.sqs` (straight-line code, no waits).","[fix] Let scripts started from `exit.sqs` run to completion within a bound, or document the limit.","`P:UI/DisplayUIMenus.cpp#L984-L995` (`#L987-L994`); `P:World/WorldSetup.cpp#L1378-L1407`; `P:Game/Scripting/Scripts.cpp#L441-L479`","Exit logic can be factored into scripts safely.","P3 (B1×F2)","Cwr and Ce.","19 F8; 18 §5; 32 §2.1","not filed"
"ER-057","AI switches cannot be turned back on (`enableAI`)","scripting","`disableAI` flags are OR-ed in and no `enableAI` is registered, so disabling `MOVE`, `TARGET`, `AUTOTARGET` or `ANIM` lasts for the rest of the mission.","Hold-and-release patterns (`stop`, held waypoints); AI switches are marked irreversible in the UI.","[command] `enableAI ""<section>""`.","`P:Game/Commands/GameStateExtUi.cpp#L2378-L2403`; `P:AI/AIUnit.hpp#L110`","Actors can be frozen for a scene and released.","P2 (B1×F3)","Ce opt-in capability; never in Cwa199 or Cwr output.","31 §2 row 18; 39 §1.2; 37 WA26","not filed"
"ER-058","No `attachTo`","scripting","No `attachTo` exists in 3.05 or CE, so attaching objects needs a per-frame script loop that costs CPU and jitters.","A shared per-frame helper script generated by the compiler.","[command] `attachTo` with an offset.","registration table `P:Game/Commands/GameStateExt.cpp#L853-L1503` (absence by grep)","Carried objects, props on vehicles and rigs without script loops.","P3 (B2×F1)","Ce opt-in capability.","31 §2 row 42, verification (held facts)","not filed"
"ER-059","Radio menu only for group leaders, ten channels","scripting","Radio trigger channels are limited to ten (ALPHA to JULIET), and the radio menu lists channel triggers only when the player leads their group.","Choice and hub nodes offer at most ten radio choices and require the player to lead; `addAction` or dialogs otherwise; radio paging.","[key] An opt-in trigger flag that shows a radio channel to a player who does not lead.","`P:AI/ArcadeTemplate.cpp#L159-L168`; `P:UI/InGame/InGameUIMenu.cpp#L628-L683`; `P:Game/Commands/GameStateExtUi.cpp#L2213-L2268`","Radio choices in missions where the player is a squad member.","P3 (B1×F2)","Ce opt-in.","19 F11; 29 §2 row 5; 31 §2 row 39","not filed"
"ER-060","Other missing commands","scripting","Commands common in later games are absent from every current target: `isNil`, `floor`/`round`/`ceil`, `triggerActivated`, `setVehicleVarName`, `selectLeader`, `setRank`, `moveTo`, `animationState`, `forceSpeed`/`limitSpeed`; there is no `CfgFunctions` registry, and `onMapSingleClick` holds one global handler string.","Idioms: the nil `format` test; `r - (r mod 1)` for floor; flags for trigger state; the `createUnit` rank element; `preprocessFile` libraries; a generated map-click dispatcher.","[command] Each as a separate opt-in Ce capability if demand appears; Plotroom requires none of them.","registration table `P:Game/Commands/GameStateExt.cpp#L853-L1503`; `EVAL:express.cpp#L1098-L1219` (absence by grep)","Shorter hand-written scripts on Ce.","P3 (B1×F2)","Ce opt-in capabilities only.","31 §2 rows 21 and 42, §7.2, §7.3, verification (held facts); 43 §2.1; 19 F13; 39 §1.2; 37 WA09","not filed"
"ER-061","No SQF scheduler or exceptions","scripting","There is no scheduler (`sleep`, `spawn`, `execVM`, `waitUntil`) and no `try`/`catch` or `compile`; anything that waits is SQS.","SQS for waits; `call`-only function libraries.","[none] A scheduler would change the scripting model; Plotroom's compiler targets SQS.","—","—","n/a","—","31 §7.2, §7.3","won't file"
"ER-062","`camSetBank`, `camSetDir` and `camSetDive` have no effect","camera","All three are bound to the dive handler, and the dive, bank and heading fields are stored and saved but read nowhere. Orientation is always ""look at target, world up"": pitch comes only from the target and roll is impossible.","Lint error on all three; the timeline offers no roll or heading on targeted shots; orienting a never-targeted camera with `setDir` or `setVectorDirAndUp` is probe-gated and stuck at FOV 0.7.","[fix] Bind each command to its own setter and apply heading, bank and dive in the camera commit and orientation.","`P:Game/Commands/GameStateExt.cpp#L1341-L1356` (CE `#L1339-L1354`); `P:World/Scene/Camera/CameraHold.hpp#L58-L81`; `P:World/Scene/Camera/CameraHold.cpp#L251-L276`","Heading and roll for cinematics.","P2 (B2×F2)","Ce, then Cwr. Scripts that call these commands today would start to take effect, so the Requires badge applies.","32 §2.2, §2.3, §2.9, §3.7; 31 §6.1, §10; DG034 item 1","not filed"
"ER-063","`camSetFovRange` is an empty stub","camera","`camSetFovRange` has an empty handler, so the engine's distance-based auto-zoom (`fov = 10 / distance`, clamped to the range) is unreachable; `camSetFov` sets minimum and maximum to the same value.","Lint error; ""keep the subject framed"" is computed at authoring time and `camSetFov` is emitted per segment.","[fix] Implement the handler so that it sets the FOV range.","`P:Game/Commands/GameStateExtUi.cpp#L1517-L1520`; `P:World/Scene/Camera/CameraHold.cpp#L116-L135`; `P:World/Scene/Camera/CameraHold.hpp#L59-L64`","Auto-zoom shots.","P2 (B1×F3)","Ce, then Cwr; the Requires badge applies.","32 §2.2, §2.9; 31 §6.1, §10; DG034 item 2","not filed"
"ER-064","The `camSetFov` flag is never cleared","camera","A commit clears the ""position set"" and ""target set"" flags but never the FOV flag, so after the first `camSetFov` every later commit re-times a still-running zoom to its own deadline (a `camCommit 0` snaps an unfinished zoom).","Every sampled segment emits its own `camSetFov`; a lint flags segments that do not.","[fix] Clear the FOV flag on commit, like the other two.","`P:World/Scene/Camera/CameraHold.cpp#L575-L580`, `#L557-L591`","Zooms behave as written.","P2 (B1×F3)","Cwr and Ce.","32 §2.3; 31 §6.1, §10, verification item 11; DG034 (doc 31 §10 additions)","not filed"
"ER-065","`RscTitles` `fadeOut` overwrites `fadeIn`","camera","In an `RscTitles` resource, `fadeOut` overwrites `fadeIn`, and the fade-out always lasts 1 s.","Documented (doc 32 §2.4); doc 32 §2.9 promises a lint that §3.7 does not list yet.","[fix] Keep separate fade-in and fade-out values and honour the fade-out duration.","`P:Game/TitEffects.cpp#L476-L625`","Authored title fades.","P1 (B2×F3)","Cwr and Ce.","32 §2.4, §2.9; 31 §10; DG034 item 3","not filed"
"ER-066","An unknown `cameraEffect` name is dereferenced","camera","An unknown `cameraEffect` name is dereferenced after a suppressed warning (probable crash [I]); an invalid position string is a silent no-op, even for `""terminate""`.","Lint error on unknown names and positions; names come from pickers only.","[fix] Fail safely on a missing name (a script error, no effect) and report invalid position strings.","`P:UI/OptionsUI.cpp#L492-L496`, `#L588-L625`; `P:World/Scene/Camera/CamEffects.cpp#L32-L48`","No crash from a typo in a downloaded mission.","P1 (B3×F3)","Cwr and Ce.","32 §2.2, §2.9, §3.7; 31 §10; DG034 item 4","not filed (confirm the crash with a probe first)"
"ER-067","Effect setters store unknown strings as −1","camera","`setCameraEffect`, `setTitleEffect`, `setSoundEffect`, `setMusicEffect` and the related setters store unknown enum strings as −1, and firing such a trigger probably crashes [I].","Lint error ""enum setter with a non-enum string""; pickers only.","[fix] Reject unknown strings with a script error, or ignore them.","`P:Game/Commands/GameStateExtWorldWaypoint.cpp#L569-L644`","No crash from scripted effects.","P1 (B3×F3)","Cwr and Ce (the setters are Remastered additions).","32 §2.8, §2.9; 31 §3, §10; DG034 item 5","not filed (confirm the crash with a probe first)"
"ER-068","The capture tool writes an invalid `camSetTarget` form","camera","The manual camera's capture export writes `camSetTarget '<debugName>'`, which no overload accepts (single quotes are not string delimiters).","Lint error on that form; capture import resolves quoted debug-name targets to the object nearest the captured point (doc 32 §3.8).","[fix] Emit a valid target form (a position array or a named variable) in the `clipboard.txt` export.","`P:World/Scene/Camera/CameraHold.cpp#L463-L536`","Captured shots paste and run.","P2 (B1×F3)","Cwr and Ce (tool output only).","32 §2.9, §3.8, §4.4; 31 §7.2; DG034 item 6","not filed"
"ER-069","The manual camera's lock loop checks only the first hit","camera","The manual camera's target-lock loop examines only the first collision result.","None yet: documented only, and the capture workflow (doc 32 §4.4) does not yet say how it copes.","[fix] Iterate over all collision results.","`P:World/Scene/Camera/CameraHold.cpp#L426-L439`","Reliable target lock during capture.","P2 (B1×F3)","Cwr and Ce (tool behaviour).","32 §2.9, §4.4; DG034 item 7","not filed"
"ER-070","Deleted-camera traps","camera","`camDestroy` deletes the camera object but does not end the view: the effect freezes on the last frame at FOV 0.7 and stays active (player suspended, mission end held) until a `terminate` is issued through another live object. `camCommitted` on a deleted camera returns Nothing, which reads as false, so `@camCommitted` waits forever.","Lint errors on `camDestroy` before `terminate`, on a path without terminate plus destroy, and on `@camCommitted` for a camera the script may delete; generated sequences end with a skip-safe epilogue.","[fix] `camDestroy` of the active effect camera terminates the effect; `camCommitted` on a null or deleted camera returns true.","`P:World/World.hpp#L81-L99`; `P:World/World.cpp#L873-L893`; `P:Game/Commands/GameStateExtUi.cpp#L1458-L1467`","Broken cutscenes no longer freeze missions.","P1 (B2×F3)","Cwr and Ce.","32 §2.2, §2.7, §3.7; 35 §8.4","not filed"
"ER-071","No look-at offset for object targets","camera","Object targets are always centred on the target's `CameraPosition()` (a soldier's eye, otherwise `zamerny` or the box centre) with no offset.","Computed point targets (for example aiming atan(0.25·FOV) below the eyes, lead room ahead of a moving subject), resampled per segment.","[command] A look-at offset for object targets (an optional offset argument or a separate setter).","`P:World/Scene/Camera/CameraHold.cpp#L53-L67`; `P:World/Scene/Object.cpp#L1651-L1664`","Composed shots that track moving subjects without resampling.","P3 (B1×F2)","Ce opt-in capability.","39 TL;DR, §1.2, §4.2; 32 §2.2","not filed"
"ER-072","No preload before a cut","camera","No command preloads or pre-streams a view, so a far cut shows objects and terrain streaming in.","A lint warns on a far cut with no fade or lead-in; the Cutscene Director prefers fades and lead-ins.","[command] Preload a camera position or target before cutting to it, with a query for completion.","registration table `P:Game/Commands/GameStateExt.cpp#L853-L1503` (absence by grep)","Clean far cuts.","P3 (B1×F1)","Ce opt-in capability.","32 §2.3, §3.7; 31 verification (held facts)","not filed"
"ER-073","No end-of-speech signal","camera","No script can tell when a spoken line ends; a `say` by a person waits while that unit is still speaking directly or on the radio, so fixed waits drift; `soundLength` exists only on Cwr and Ce and returns 0 without a sound system (`--nosound`).","Waits from durations measured at import; `soundLength` on Cwr and Ce; staged actors keep their radio quiet.","[command] A speaking-state getter, or a completion flag for `say`.","`P:Audio/DynSound.cpp#L125-L301` (speaker queue `#L159-L234`); `P:Game/Commands/GameStateExtUi.cpp#L952-L963` (`soundLength`)","Dialogue that stays in sync with animation and cuts.","P2 (B2×F2)","Ce opt-in capability.","32 §2.3, §2.5; 39 §1.2; 31 §4.6 row 19","not filed"
"ER-074","No view-distance getter","camera","There is no view-distance getter (only `accTime` has one), and every mission or section load resets the view distance to the preferred value (900 m in MP); the stock editor drops CWR's Intel `viewDistance` on re-save (ER-097).","The shot planner sets the distance itself for far shots or assumes 900 m; an in-mission restore targets the Intel value on Cwr and Ce and has no known value on Cwa199.","[command] A `viewDistance` getter.","`P:World/WorldImpl.cpp#L1075-L1089`; the `accTime` getter at `P:Game/Commands/GameStateExt.cpp#L863` as a model; `P:Game/Commands/GameStateExtUi.cpp#L1774-L1805`","Scenes restore exactly what they changed.","P2 (B1×F3)","Ce opt-in capability.","39 §1.2, §4.3; 37 WA05","not filed"
"ER-075","`titleObj` and `cutObj` ignore the mission's `CfgTitles`","camera","`titleObj` and `cutObj` read only the global `CfgTitles`, never `description.ext`, and ignore speed.","A lint warns when the class is missing from the global `CfgTitles`; mission-defined title resources use `titleRsc`/`cutRsc`.","[fix] Look up the mission and campaign `CfgTitles` first, as for `RscTitles`.","`P:Game/TitEffects.cpp#L476-L625`","Mission-defined title objects.","P2 (B1×F3)","Ce, then Cwr; the Requires badge applies to missions that use it.","32 §2.4, §3.7","not filed"
"ER-076","Subtitles and Effects titles share the title layer","camera","Each overlay layer holds one effect. `say` subtitles, trigger and waypoint Effects titles and `titleText` all use the title layer and replace each other; a subtitled line holds the title layer for 13 s × its speed, and the mission end waits for any title-layer effect, so the last subtitle can delay an ending by up to 13 s.","Fades and anything near an ending lower to SQS `cutText`/`cutRsc` on the cut layer; lints on title-layer clips that overlap subtitled lines and on title-layer blackouts before an END.","[fix] Draw subtitles on their own layer that does not hold the mission end, and let Effects titles choose the cut layer.","`P:World/World.cpp#L833-L854`, `#L1646-L1652`; `P:World/WorldSetup.cpp#L1366-L1376`; `P:Audio/DynSound.cpp#L275-L301`; `P:UI/DisplayUIMenus.cpp#L984-L986`; `P:World/Detection/Detector.cpp#L1489-L1509`","Dialogue and titles no longer erase each other or stall endings.","P2 (B2×F2)","Cwr and Ce (a behaviour change; opt-in if the maintainers prefer).","32 §2.4, §3.7; 31 §2 row 16, verification item 2; 41 §2.2","not filed"
"ER-077","Intro and outro sections end on the first frame","camera","Intro and outro sections end on the first frame with an end mode, cutting off any running fade or subtitle; the mission's end gate (wait for camera and title effects) exists only in the mission display.","The compiler times the last fade and line before the generated END trigger.","[key] An opt-in section flag that applies the mission's end gate to intros and outros.","`P:UI/DisplayUIMenus.cpp#L1173-L1207` (`#L1202`), `#L984-L986`","Cutscenes end on their final fade.","P3 (B1×F2)","Ce opt-in.","32 §2.1, §2.4","not filed"
"ER-078","Savegames omit overlays and camera moves","camera","A save stores scripts and the camera effect, but not the title or cut layers, the input-lock counter or the cinema-border flag, and the camera object does not save its committed move, target or deadlines, so a reload during a cutscene resumes the script without the in-flight move or overlay.","""Play from shot N"" re-issues each shot's full state and overlays; saving inside cutscenes is avoided.","[fix] Serialise the overlay layers, the input-lock counter, the border flag and the camera's committed state.","`P:World/WorldImpl.cpp#L1740-L1774`; `P:Game/Scripting/Scripts.cpp#L352-L403`; `P:World/Scene/Camera/CameraHold.cpp#L101-L114`","Saves inside scripted scenes restore what the player saw.","P3 (B1×F2)","Cwr and Ce (a save-format change).","32 §4.2","not filed"
"ER-079","No camera shake, post-processing or night vision in cutscenes","camera","No profile offers camera shake, post-processing or a night-vision view for effect cameras.","None: shots are designed without them, and the controls are shown locked with the reason, never faked.","[command] Camera shake and a night-vision view for effect cameras, if the maintainers want them.","`P:World/Scene/Camera/CamEffects.cpp#L32-L48`; registration table `P:Game/Commands/GameStateExt.cpp#L853-L1503` (absence by grep)","Richer cinematics on Ce.","P3 (B1×F1)","Ce opt-in capability.","32 §2.3","not filed"
"ER-080","No weather or date getters","atmosphere","Scripts cannot read overcast, fog, rain or the date on any profile.","Generated code tracks its own weather variables; the Atmosphere Director computes consequences at authoring time; a mounted mod's scripted weather where present.","[command] Getters for overcast, fog, rain and date.","registration table `P:Game/Commands/GameStateExt.cpp#L855-L916`, `#L987-L1071`; weather state `P:World/WorldSetup.cpp#L1254-L1317`; `P:World/Terrain/Landscape.cpp#L459-L465`","Weather-aware scripts and exact restores.","P2 (B1×F3)","Ce opt-in capability.","41 TL;DR, §2 (availability), §3.1","not filed"
"ER-081","`setOvercast` and `setFog` cancel each other","atmosphere","`setOvercast` and `setFog` share one weather setter that re-targets the other value to its current level, so two timed calls in a row cancel the first ramp; an instant change schedules random drift on the next frame.","One gradual change at a time: the weather director serialises changes or makes the earlier one instant, and uses doc 41's hold keyframe to delay drift.","[fix] Independent transitions for overcast and fog, and an explicit hold that postpones drift.","`P:World/WorldSetup.cpp#L1254-L1317` (`#L1285-L1317`); `P:Game/Commands/GameStateExtUi.cpp#L1807-L1823`","Scripted weather arcs behave as written.","P2 (B2×F2)","Cwr and Ce (a behaviour change).","41 §2.1, §3.4; 31 §4.6 row 15, verification item 3; 32 §2.6; 43 §2.1","not filed"
"ER-082","No wind, lightning, snow or valley fog","atmosphere","No command sets wind or lightning; wind random-walks with overcast; fog is one scalar for the whole world (no height or valley fog); there is no snow.","The controls are shown locked with the reason; storms come from overcast alone.","[command] Wind (direction and strength) and lightning commands. Snow and layered fog are recorded, not requested.","`P:World/Terrain/Landscape.cpp#L425-L546`, `#L654-L683`, `#L685-L758`","Directed weather for set pieces.","P3 (B1×F2)","Ce opt-in capability.","41 §2 (availability), §2.1, §3.1","not filed"
"ER-083","No script light sources; moonlight is cosmetic","atmosphere","Nothing creates a light or changes a light's colour or brightness; light depends only on sun height, and the moon phase is cosmetic, so every night is equally dark.","Fires, street lamps, flares and headlights (each gated by the night factor); night presets say what the player will see.","[command] A script light source with colour and brightness; optionally moonlight from the phase.","`P:Graphics/Rendering/Lighting/Lights.cpp#L80-L276`; registration grep (absence)","Lit scenes and more varied nights.","P3 (B1×F1)","Ce opt-in capability.","41 TL;DR, §2.1, §2.3, §3.1","not filed"
"ER-084","One music slot: no crossfade, no `fadeRadio`","atmosphere","Music has one 2D slot: a new track cuts the old one, volume starts at 0.5 in every mission and there is no crossfade; there is no `fadeRadio`; `fadeSound` does not reach `playSound`, Effects Sound, radio or music.","A ""crossfade"" is a dip (fade out, switch, fade in) compiled to `fadeMusic` ramps.","[command] A crossfade form of `playMusic`, and `fadeRadio`.","`P:Game/Commands/GameStateExtUi.cpp#L972-L1032`; `P:Audio/SoundScene.cpp#L238-L271`, `#L254-L267`, `#L537`, `#L579-L596`","Smoother scores and radio mixes.","P3 (B1×F2)","Ce opt-in capability.","41 TL;DR, §2.2, §2.5 item 1, §3.1","not filed"
"ER-085","`CfgRadio` volume is ignored","atmosphere","The `CfgRadio` class volume is ignored on Cwr and Ce (1.99 [U], probe AP5); BI's radio classes mostly carry `db-40`, which would be near-silent if honoured.","Radio lines are loudness-normalised at import and shaped by the local radio filter.","[key] An opt-in per-class flag that honours the volume (honouring it by default would silence official radio).","`P:AI/AIRadio.cpp#L1407-L1495` (`#L1447-L1451`)","Per-line radio levels.","P3 (B1×F2)","Ce opt-in.","41 §1.2, §2.2, §3.1, AP5","not filed"
"ER-086","A `CfgEnvSounds` class named `Default` silences the bed","atmosphere","A mission or campaign `CfgEnvSounds` class named `Default` shadows the base class: its path gets a directory prefix, never matches the engine's sentinel, and leaves the ambience bed silent.","The generator never names a class `Default`; a lint.","[fix] Recognise `Default` by class name, not by path.","`P:World/WorldImpl.cpp#L953-L1021`; `P:UI/OptionsUI.cpp#L283-L338`","No silent ambience from a natural class name.","P2 (B1×F3)","Cwr and Ce.","41 §2.2","not filed"
"ER-087","Environment beds are global switches","atmosphere","`soundEnv` swaps the ambience bed for the whole island with an instant cut until another `soundEnv` or the end of the section; trigger deactivation does not undo it; it is not a zone; every section and every MP client starts on the terrain mix.","Bed, scatter and spot soundscapes built from emitters inside earshot; `soundEnv` only for whole-scene changes.","[key] Crossfaded bed changes and, optionally, area-bound beds.","`P:World/WorldImpl.cpp#L953-L1021`; `P:World/Detection/Detector.cpp#L1463-L1466`, `#L1512-L1529`; `P:Audio/SoundScene.cpp#L598-L653`","Ambience that changes with place without hard cuts.","P3 (B1×F1)","Ce opt-in.","41 TL;DR, §2.2, §2.5 item 1","not filed"
"ER-088","A seamless loop never restarts after a distance cull","atmosphere","A seamless-loop emitter (one sound, no delays) does not restart after a distance cull: the cull ends the loop and sets its restart timer to 10^10 s [V static; probe AP8 confirms in game].","Emitters are placed inside the earshot of where the player will be; intermittent emitters instead of seamless loops where the player travels far.","[fix] Restart seamless loops when they come back into range.","`P:Audio/DynSound.cpp#L42-L80`, `#L317-L384`; `P:World/Simulation/Simul.cpp#L1211-L1235`","Ambient loops no longer die for the rest of the mission.","P1 (B2×F3)","Cwr and Ce.","41 §2.2, AP8","not filed (confirm with probe AP8)"
"ER-089","Sound emitters cannot be named or stopped","atmosphere","Placed sound objects cannot be named or stopped, and a non-repeating trigger never stops its emitter.","Emitters on repeating triggers where stopping matters; budgeted emitter counts.","[command] Name and stop placed sound sources.","`P:World/WorldSetup.cpp#L378-L431`; `P:AI/AICenterImpl.cpp#L855-L895`; `P:Audio/DynSound.cpp#L317-L384`","Soundscapes that react to the story.","P3 (B1×F2)","Ce opt-in capability.","41 §2.2","not filed"
"ER-090","Radio in cutscenes and at accelerated time","atmosphere","Outside MP every radio channel is off without a living real player; group and vehicle channels are always off in intros; radio audio is skipped while `setAccTime` is above 1 (the chat line still appears).","`say` with radio styling for cutscene radio (doc 39 CA10); lints on radio in sections.","[key] An opt-in way to play radio lines in sections and at accelerated time.","`P:AI/AIRadio.cpp#L1429-L1445`; `P:World/WorldSetup.cpp#L878-L932`","Radio montages without workarounds.","P3 (B1×F2)","Ce opt-in.","32 §2.5, §3.7; 41 §2.2; 39 §3","not filed"
"ER-091","Church bells repeat a quarter strike","atmosphere","A slip in the case labels of the church-bell code repeats the three-quarter strike about two minutes later.","None needed (cosmetic); bell times are shown as observed.","[fix] Correct the case labels.","`P:World/Entities/Vehicles/House.cpp#L949-L1110`","Correct chimes.","P2 (B1×F3)","Cwr and Ce.","41 §2.2","not filed"
"ER-092","No positional sound without a speaker","atmosphere","There is no `say3D` or `playSound3D`: positional sound needs a unit, an object or an emitter, and a positional volume sets how far a line carries, not how loud it is up close.","`say` on a staged object; trigger emitters; volumes chosen from the carry formula.","[command] Play a sound at a position with explicit loudness and range.","`P:Audio/DynSound.cpp#L82-L301`; `P:Audio/Shared/AudioMath.hpp#L8-L47`","Precise sound placement.","P3 (B1×F2)","Ce opt-in capability.","41 §2 (availability), §2.3","not filed"
"ER-093","Script randomness cannot be seeded or saved","random-mp","`random` walks a fixed 32,768-entry table from a clock-seeded 15-bit index shared with AI, weather and timers; no command sets the seed; savegames do not store the index; `randomSeed` in `mission.sqm` seeds only licence plates; one draw carries at most 15 bits.","Stored LCG rolls in campaign variables (doc 29 SL11), pre-rolled in the predecessor's finisher; build-time seeds; the simulator uses the ported table.","[command] A seedable script random stream, separate from the engine's own; [fix] the generator index saved in savegames.","`EVAL:express.cpp#L535-L539`, `#L1166`; `RND:randomGen.cpp#L15-L23`, `#L141-L154`; `P:World/WorldInit.cpp#L90`, `#L129-L135`; save `P:World/WorldImpl.cpp#L1740-L1748`; `P:AI/ArcadeTemplate.cpp#L1567-L1579`","Reproducible variety without scripting an LCG.","P3 (B1×F2)","The stream: Ce opt-in capability. The save fix: Cwr and Ce.","43 TL;DR, §2.1, §2.5; 31 §4.6 row 10; 19 §5.3; DG038","not filed"
"ER-094","Marker commands are local","random-mp","Marker commands, `createMarker` included, change only the local map, so in MP every machine must apply them.","The server rolls and broadcasts numbers and every machine applies marker changes (doc 43 §2.6); lint PL10.","[command] Global forms of the marker setters.","`P:Game/Commands/GameStateExtWorld.cpp#L453-L506`; `CE:engine/Poseidon/Game/Commands/GameStateExtWorldConfig.cpp#L724-L757`","Simpler MP objectives that are safe for join in progress.","P2 (B2×F2)","Ce opt-in capability.","43 §2.6; 37 TL;DR, PL10","not filed"
"ER-095","Weather and time are not synchronised in MP","random-mp","No weather or clock message crosses the network, so each machine drifts its own weather; time and weather for a client that joins in progress are [U] (probes P-R7, P-R9).","The server rolls, broadcasts numbers, and every machine applies one instant weather step and `skipTime`.","[fix] Replicate weather state and time of day from the server.","`P:World/WorldSetup.cpp#L1254-L1317`; `P:World/WorldInit.cpp#L242-L268`; `P:Network/` (absence by grep)","Everyone sees the same storm.","P3 (B2×F1)","Cwr and Ce (a network change).","43 §2.1, §2.6","not filed"
"ER-096","Only two lobby parameters","random-mp","MP missions have only `param1` and `param2`.","Host-picked modifiers pack into bitmasks (exact below 2^24).","[key] More lobby parameters (a parameter array), with vanilla behaviour when absent.","`P:UI/DisplayUISetup.cpp#L1505-L1519`","Richer MP setup.","P3 (B1×F2)","Ce opt-in.","43 §2.6","not filed"
"ER-097","The in-game editor's re-save is lossy","mission-format","The stock dialogs destroy hand edits on OK: the minute is rounded to 5 (58 and 59 map to a 13th entry that does not exist; outcome unverified), Resistance friendliness is forced to 0 or 1 (read at 0.5 while the runtime threshold is 0.6), skill is clamped to 0.2–1.0. A re-save drops CWR's Intel `viewDistance`, decodes marker, trigger and waypoint text from legacy code pages to UTF-8 and, by inference, writes `$STR_` keys as their translations.","Plotroom's dialogs and inspector patch only the edited key and protect hand edits (doc 37 §3); the lossless writer keeps raw bytes.","[fix] Stock dialogs write only fields the user changed; the writer keeps unknown keys, raw bytes and `$STR_` keys; the dialog threshold matches the runtime's 0.6.","`P:UI/Map/UIArcadeWaypoint.cpp#L664-L699`, `#L772-L799`; `P:UI/Map/UIArcade.cpp#L949-L956`, `#L1178-L1182`; `P:UI/Controls/UIControlsWidgets.hpp#L238-L246`; `P:AI/AICenterStats.cpp#L1371-L1410`; `P:UI/Locale/MissionLanguageDetector.cpp#L300-L317`; `P:AI/ArcadeTemplate.cpp#L33-L36`; `P:IO/ParamFile/ParamFile.cpp#L791-L802`","Missions survive a round trip through the stock editor.","P2 (B2×F2)","Cwr and Ce (in-game editor).","37 TL;DR, §1.1, §3.2, PAT1; 04 TL;DR, §2.1, §11; 41 §2.1","not filed"
"ER-098","`addOns[]` pruned from a stale in-memory list","mission-format","On save the stock editor deletes from `addOns[]` the names that were in its in-memory auto list from the previous save and are no longer found; `Clear()` does not reset that list and loading does not read `addOnsAuto[]`, so after another mission was loaded in the same editor display it can prune names that belonged to the other mission [V code; practical effect I].","Plotroom re-derives dependencies on the next open and keeps extras with reasons (dependency doctor, doc 27 §4.5); acceptance test PAT7 simulates the pruning.","[fix] Reset the auto list in `Clear()` and seed it from the loaded `addOnsAuto[]`.","`P:AI/ArcadeTemplateFind.cpp#L184-L203`; `P:AI/ArcadeTemplate.cpp#L1910-L1932`; `P:UI/Map/UIMapExtDisplay.cpp#L99-L133`","Saved missions keep their true dependencies.","P1 (B2×F3)","Cwr and Ce (in-game editor).","27 §2.4; 37 §3.2, §10 (h), PAT7; 09 P4","not filed"
"ER-099","In-game editor diagnostics","mission-format","After a syntax error in an init field a message box leaves the in-game editor unable to accept input, and a mission that loads in SP or MP can fail to open in the editor with no meaningful message (CE #234, #185); with a missing `version` key the editor ignores the load result and silently loads nothing.","Plotroom's non-modal problems panel and engine-strict validator; Plotroom missions never need the stock editor.","[fix] Non-blocking error reporting in the in-game editor, and a message naming the failed key or file.","`P:UI/Map/UIMapExtDisplay.cpp#L99-L133`; `P:IO/Serialization/ParamArchive.cpp#L32-L37`, `#L583-L596`; `P:UI/Map/UIArcadeWaypoint.cpp#L924-L929`","Players and makers can fix broken missions inside the game.","P2 (B2×F2)","Cwr and Ce (in-game editor).","09 P2; 04 §3; 03 §3.7","proposed (CE #234, #185, opened by others)"
"ER-100","The file cannot give a unit a height","mission-format","The Y coordinate of units, empty vehicles and triggers is ignored: it is re-snapped to the road or terrain surface at start (soldiers and triggers land on the highest walkable face at that x/z), so a mission file cannot express a height.","The Height attribute lowers to a surface-relative `setPos` init prefix (doc 37 WA16).","[key] An opt-in explicit height key per entity, honoured at placement; vanilla re-snap when absent.","`P:AI/AICenterImpl.cpp#L985`, `#L1098-L1104`, `#L1248-L1249`; `P:World/Terrain/Landscape.cpp#L1655-L1773`","Rooftop and tower placement without init code.","P2 (B2×F2)","Ce opt-in key; the init prefix stays as the fallback elsewhere.","37 §3.2, WA16, PL01; 09 P6","not filed"
"ER-101","Group and seat caps","mission-format","A side may have at most `MaxGroups` groups (letters × colours from the config: 63 in vanilla) and a group at most 12 crew seats (compiled in); civilian objects consume group slots; absent, presence-gated units still count; the load path refuses a mission over the caps.","A live engine-limit meter and lints computed from the installed config (doc 09 S4; doc 43 VY11; doc 35 rc67).","[fix] Raise the caps (CE #136), or count only groups that are actually created.","`P:AI/Path/AITypes.hpp#L31`; `P:Core/Config/Configuration.cpp#L339-L349`; `P:AI/ArcadeTemplate.cpp#L1754-L1860`","Larger battles and variant pools.","P3 (B2×F1)","Ce, then Cwr. Missions over the old caps fail on older builds, so the Requires badge applies.","09 P7, WN8; 04 §3.9; 43 §2.7, VY11; 31 §2 row 37","proposed (CE #136, opened by others)"
"ER-102","Mission-file values the engine overrides, recorded but not requested","mission-format","`health` floors at 3 % (0 gives a live, 97 %-damaged object); presence is ignored for playable units; FORM members are moved to formation slots before init lines run; scripts can set `lock` only to LOCKED or DEFAULT; sqm `show*` keys and `addOnsAuto[]` are never read; unit and synchronisation ids are renumbered on every load and save; `setPos` takes a mounted soldier out of his vehicle and does nothing to island objects; trigger-to-trigger synchronisations are dropped; skill 0 gives an infinite inverse.","The property inspector shows the engine truth, attributes lower to what works (doc 37 §3–§4), and lints PL01–PL14 explain each case.","[none] Changing these would alter how existing missions play.","`P:AI/AICenterImpl.cpp#L853`, `#L1021`, `#L1528-L1538`, `#L2142-L2186`; `P:Game/Commands/GameStateExtUi.cpp#L2330-L2345`; `P:Game/Commands/GameStateExtGrp.cpp#L1627-L1802`; `P:AI/ArcadeTemplateFind.cpp#L962-L1045`; `P:AI/ArcadeTemplate.cpp#L384`, `#L403-L406`","—","n/a","—","37 TL;DR, §1.1, §3.2, §6, §10 (d); 04 TL;DR, §3.9","won't file"
"ER-103","Mission and campaign mod dependencies with content hashes","mods","`addOns[]` names `CfgPatches` entries only: classes from a replaced `bin\config` have no owner and leave no trace, and a mod-level requirement (a platform mod, a mod revision) cannot be expressed; a missing addon fails the load (`LSNoAddOn`) and an MP client disconnects; a campaign runs with exactly one mod set, because remounting happens only in the main menu.","Plotroom's requirement manifest (mod id, revision, fingerprint, channels), the ""Requires:"" badge and lint D4; one mod set per campaign.","[key] Mission and campaign mod dependencies identified by mod id, revision and a content hash, checked (and offered for install) before loading, as CE #233 asks. Plotroom's manifest should match whatever lands.","`P:AI/ArcadeTemplate.cpp#L1875-L1906`, `#L1946-L1955`; `CE:engine/Poseidon/AI/ArcadeTemplate.cpp#L1892-L1971`; `CE:engine/Poseidon/UI/OptionsUIImpl.cpp#L186-L218`; `P:Core/ModId.cpp#L8-L43`; `P:Core/ModCollection.cpp#L25-L66`, `#L196-L231`; `P:UI/OptionsUIApp.cpp#L1541-L1565` (remount only in the main menu)","Players get the right mods before a mission fails to load.","P1 (B3×F2)","Cwr and Ce; older builds ignore the manifest.","27 TL;DR, §2.4, §2.6, §4.5, §4.9, M5; 42 §2.8, OQ1; 09 P4","proposed (CE #233, opened by others)"
"ER-104","The active mod collection is not persisted","mods","The active mod collection is not kept across restarts.","Preview passes the resolved mod set with `--mod` on every launch.","[fix] Persist the active collection, as CE #228 asks.","`P:Core/ModCollection.hpp#L12-L35`, `#L118-L137`; `P:UI/OptionsUIApp.cpp#L1252-L1318`","Players keep their mod set between sessions.","P2 (B1×F3)","Cwr and Ce.","27 §2.6, M5; 42 §2.8","proposed (CE #228, opened by others)"
"ER-105","Dependency scan and missing-addon warnings","mods","`ScanRequiredAddons` counts only unit and empty-vehicle classes; weapons, magazines, markers, effects, islands and script-created objects are not counted, and at runtime CWR warns ""addon missing"" only for the first case per mission and still creates the object.","Plotroom writes the extended set (script literals, `description.ext` weapons, markers, effects) into `addOns[]` (doc 27 §4.5).","[fix] Extend the scan to the other class kinds the mission file names, and log every missing owner.","`P:AI/ArcadeTemplate.cpp#L321-L352`, `#L1862-L1872`, `#L1910-L1941`; `P:World/Entities/Vehicles/VehicleTypes.cpp#L461-L522`; `P:AI/VehicleAI.cpp#L1764-L1769`, `#L1983-L1988`","Fewer ""addon missing"" surprises at runtime.","P2 (B2×F2)","Cwr and Ce.","27 TL;DR, §2.4, §4.5; 37 WA01","not filed"
"ER-106","Addon merge diagnostics","mods","A missing `requiredAddons` entry only warns and the addon still loads (CE #307); a dependency cycle stops the merge of everything still unresolved with one critical error (fatal under `--strict`); a type-changing merge is unsupported (upstream ""BUG-002"", a disabled test); `preloaded` is overwritten per `CfgPatches` class.","Plotroom's pure mount-and-merge model mirrors the rules and reports them per addon (doc 27 §4).","[fix] Name the addons in a cycle and merge the rest; report missing requirements prominently; support type-changing merges or reject them clearly.","`P:Asset/Addon/AddonSystem.cpp#L131-L137`, `#L162-L168`, `#L304-L379`; `CE:engine/Poseidon/Asset/Addon/AddonSystem.cpp#L333`; `P:World/Simulation/Animation/FrameFunctions.cpp#L97-L127`; `P:IO/ParamFile/ParamFile.cpp#L1874-L1999`; `R:tests/unit/engine/Poseidon/IO/ParamFile/test_paramfile_inheritance.cpp#L643-L677`","Mod conflicts are diagnosed where they arise.","P2 (B2×F2)","Cwr and Ce.","27 §2.3, §2.7","proposed (CE #307, opened by others, for the missing-requirement part); the rest not filed"
"ER-107","Mod-folder content gaps","mods","Mods cannot ship a loadable `Worlds` folder (CE #260); terrain animations outside PBOs are reported broken (CE #261); unpacked campaigns in mod folders are not listed (CE #259); dotted mission folder names inside mods break the SP menu (CE #257).","Export packed PBOs; a lint on dotted names.","[fix] As the CE issues ask.","`P:IO/ParamFileExt.cpp#L195-L205`; `P:UI/Map/UIArcadeWaypoint.cpp#L483-L517`; `P:Core/ModCollection.cpp#L168-L174` (`LooksLikeMod`)","Mods can carry islands and campaigns reliably.","P2 (B2×F2)","Cwr and Ce.","27 §2.5, §3, §4.9; 09 §2","proposed (CE #257, #259, #260, #261, opened by others)"
"ER-108","No class aliases for renamed classes","mods","The engine has no class aliasing, so a renamed class breaks every mission that uses the old name.","T0 rename tables drive a one-click rename lint; the exporter writes canonical names.","[key] A config-level alias map (old class to new class) honoured when a mission loads.","class lookup at creation `P:World/Entities/Vehicles/VehicleTypes.cpp#L461-L522`; `P:AI/ArcadeTemplate.cpp#L1875-L1906`","Mods can rename classes without breaking missions.","P3 (B1×F2)","Ce opt-in.","34 mo20; 27 §2.4","not filed"
"ER-109","No formation-spacing control","ai","No script command sets formation spacing: slots come from fixed tables scaled by `formationX/Z`; SAFE and CARELESS units ignore their slots and follow the previous unit in ID order; LIMITED caps the leader at 22 % outside COMBAT.","The staging planner computes predicted files and spacing; one group per vehicle for an open column.","[command] A spacing (formation scale) setter per group.","`P:AI/AISubgroup.cpp#L53-L159`, `#L494-L501`, `#L2041-L2110`, `#L2113-L2305`; `P:AI/VehicleAIPilot.cpp#L286-L310`, `#L618-L780`; `P:AI/AIUnit.cpp#L1546-L1621`","Convoys and patrols that keep believable intervals.","P3 (B1×F2)","Ce opt-in capability.","39 TL;DR, §1.2, §5.2; 31 §4.6 row 9; DG035","not filed"
