command,occurrences_legacy_official,files_legacy_official,occurrences_cwe,occurrences_remastered_templates,first_group_seen,occurrences_legacy_official_configs,occurrences_cwe_excluding_copies,files_cwe,kinds,registered_in,evidence_199,missions_naming_an_object_or_variable_like_this,uses_discounted_as_mission_variable
true,3421,527,440,222,legacy_official,1,136,97,nular,core,observed_legacy_official,0,0
and,3299,199,905,834,legacy_official,0,103,37,binary,core,observed_legacy_official,0,0
camCommit,2694,299,139,76,legacy_official,0,43,44,binary,game,observed_legacy_official,0,0
camSetTarget,2608,299,139,76,legacy_official,0,43,44,binary,game,observed_legacy_official,0,0
camCommitted,2553,298,129,68,legacy_official,0,40,43,unary,game,observed_legacy_official,0,0
camSetFov,2551,299,139,76,legacy_official,0,43,44,binary,game,observed_legacy_official,0,0
camSetPos,2312,228,124,20,legacy_official,0,43,36,binary,game,observed_legacy_official,0,0
false,1744,447,379,197,legacy_official,1,94,83,nular,core,observed_legacy_official,0,0
addMagazineCargo,1496,68,698,695,legacy_official,0,1,21,binary,game,observed_legacy_official,0,0
player,1390,429,212,208,legacy_official,0,33,67,nular,game,observed_legacy_official,3,11
select,1355,192,158,103,legacy_official,0,13,33,binary,core,observed_legacy_official,0,0
not,1242,214,343,193,legacy_official,0,57,48,unary,core,observed_legacy_official,0,0
goto,1154,263,248,348,legacy_official,0,14,61,unary,game,observed_legacy_official,0,0
say,1142,185,36,0,legacy_official,0,30,5,binary,game,observed_legacy_official,0,0
getMarkerPos,1049,114,98,24,legacy_official,0,0,17,unary,game,observed_legacy_official,0,0
setPos,1035,156,73,16,legacy_official,0,4,20,binary,game,observed_legacy_official,0,0
setBehaviour,924,157,84,0,legacy_official,0,38,16,binary,game,observed_legacy_official,0,0
titleCut,914,396,126,89,legacy_official,0,21,61,unary,game,observed_legacy_official,0,0
localize,839,155,288,417,legacy_official,0,8,42,unary,game,observed_legacy_official,0,0
alive,776,168,184,87,legacy_official,0,49,45,unary,game,observed_legacy_official,0,0
group,771,160,82,37,legacy_official,0,22,22,unary,game,observed_legacy_official,0,0
addWeaponCargo,759,65,344,340,legacy_official,0,0,20,binary,game,observed_legacy_official,0,0
exec,711,215,118,139,legacy_official,0,30,33,binary,game,observed_legacy_official,0,0
sideRadio,691,98,56,30,legacy_official,0,18,9,binary,game,observed_legacy_official,0,0
addMagazine,635,57,573,48,legacy_official,0,384,16,binary,game,observed_legacy_official,0,0
or,616,167,220,153,legacy_official,0,17,39,binary,core,observed_legacy_official,0,0
vehicle,605,123,70,62,legacy_official,0,22,18,unary,game,observed_legacy_official,0,0
cameraEffect,584,300,80,59,legacy_official,0,8,44,binary,game,observed_legacy_official,0,0
setDir,539,103,68,24,legacy_official,0,1,16,binary,game,observed_legacy_official,0,0
publicVariable,532,180,267,237,legacy_official,0,0,67,unary,game,observed_legacy_official,0,0
objStatus,525,146,55,10,legacy_official,0,28,21,binary,game,observed_legacy_official,0,0
getPos,489,91,90,85,legacy_official,0,16,15,unary,game,observed_legacy_official,0,0
count,487,179,101,60,legacy_official,0,29,42,binary|unary,core,observed_legacy_official,0,0
setDammage,486,159,60,39,legacy_official,0,4,26,binary,game,observed_legacy_official,0,0
stop,477,64,8,0,legacy_official,0,0,1,binary,game,observed_legacy_official,0,0
doWatch,471,79,15,0,legacy_official,0,9,3,binary,game,observed_legacy_official,0,0
in,435,116,77,64,legacy_official,0,20,23,binary,core|game,observed_legacy_official,0,0
local,429,52,199,212,legacy_official,0,0,22,unary,game,observed_legacy_official,0,0
switchMove,405,99,27,8,legacy_official,0,2,11,binary,game,observed_legacy_official,0,0
leader,404,65,68,62,legacy_official,0,24,11,unary,game,observed_legacy_official,0,0
fadeMusic,404,115,27,10,legacy_official,0,24,10,binary,game,observed_legacy_official,0,0
units,397,131,40,30,legacy_official,0,18,15,unary,game,observed_legacy_official,0,0
titleText,382,106,146,174,legacy_official,0,7,35,unary,game,observed_legacy_official,0,0
hint,366,81,128,181,legacy_official,0,8,23,unary,game,observed_legacy_official,0,0
addRating,343,83,67,90,legacy_official,0,2,12,binary,game,observed_legacy_official,0,0
setUnitPos,339,64,13,0,legacy_official,0,7,5,binary,game,observed_legacy_official,0,0
camCreate,318,302,45,30,legacy_official,0,7,45,binary,game,observed_legacy_official,0,0
canMove,316,79,51,40,legacy_official,0,24,11,unary,game,observed_legacy_official,0,0
allowFleeing,303,71,32,10,legacy_official,0,6,11,binary,game,observed_legacy_official,0,0
camSetRelPos,303,98,13,51,legacy_official,0,0,8,binary,game,observed_legacy_official,0,0
forEach,296,134,51,57,legacy_official,0,17,24,binary,core,observed_legacy_official,0,0
setCombatMode,296,32,16,0,legacy_official,0,10,3,binary,game,observed_legacy_official,0,0
exit,295,245,81,91,legacy_official,0,28,63,nular,game,observed_legacy_official,0,0
camDestroy,281,278,36,29,legacy_official,0,2,36,unary,game,observed_legacy_official,0,0
setAccTime,275,171,15,10,legacy_official,0,0,8,unary,game,observed_legacy_official,0,0
setIdentity,269,120,8,0,legacy_official,0,8,1,binary,game,observed_legacy_official,0,0
deleteVehicle,263,24,0,0,legacy_official,0,0,0,unary,game,observed_legacy_official,0,0
addWeapon,257,89,145,16,legacy_official,0,60,20,binary,game,observed_legacy_official,0,0
time,247,61,114,122,legacy_official,0,0,23,nular,game,observed_legacy_official,0,0
flagOwner,236,39,109,127,legacy_official,0,0,17,unary,game,observed_legacy_official,0,0
distance,230,63,61,60,legacy_official,0,13,17,binary,game,observed_legacy_official,0,0
setFlagTexture,226,98,69,97,legacy_official,0,2,27,binary,game,observed_legacy_official,0,0
objNull,223,45,99,100,legacy_official,0,0,15,nular,game,observed_legacy_official,0,0
enableRadio,223,181,58,41,legacy_official,0,10,42,unary,game,observed_legacy_official,0,0
list,219,67,87,100,legacy_official,0,0,25,unary,game,observed_legacy_official,0,0
setMarkerPos,218,12,64,150,legacy_official,0,0,3,binary,game,observed_legacy_official,0,0
disableAI,197,23,0,0,legacy_official,0,0,0,binary,game,observed_legacy_official,0,0
format,196,85,61,102,legacy_official,0,0,19,unary,game,observed_legacy_official,0,0
forceEnd,192,116,39,23,legacy_official,0,11,23,nular,game,observed_legacy_official,0,0
driver,188,23,2,0,legacy_official,0,2,1,unary,game,observed_legacy_official,0,0
moveInCargo,182,44,10,0,legacy_official,0,9,4,binary,game,observed_legacy_official,0,0
removeAllWeapons,178,64,43,16,legacy_official,0,0,13,unary,game,observed_legacy_official,0,0
playMusic,178,106,7,5,legacy_official,0,6,5,unary,game,observed_legacy_official,0,0
west,172,87,37,24,legacy_official,0,3,24,nular,game,observed_legacy_official,0,0
action,170,56,51,60,legacy_official,0,0,12,binary,game,observed_legacy_official,0,0
move,168,33,10,0,legacy_official,0,7,4,binary,game,observed_legacy_official,0,0
saveVar,152,21,0,0,legacy_official,0,0,0,unary,game,observed_legacy_official,0,0
rating,145,21,60,80,legacy_official,0,0,7,unary,game,observed_legacy_official,0,0
setMimic,136,52,0,0,legacy_official,0,0,0,binary,game,observed_legacy_official,0,0
removeMagazines,133,20,71,0,legacy_official,0,48,4,binary,game,observed_legacy_official,0,0
random,129,24,69,0,legacy_official,0,21,6,unary,core,observed_legacy_official,0,0
join,122,60,3,0,legacy_official,0,3,2,binary,game,observed_legacy_official,0,0
setCaptive,118,28,15,0,legacy_official,0,12,2,binary,game,observed_legacy_official,0,0
score,116,13,26,90,legacy_official,0,0,3,unary,game,observed_legacy_official,0,0
clearMagazineCargo,115,41,41,15,legacy_official,0,1,10,unary,game,observed_legacy_official,0,0
side,112,45,42,44,legacy_official,0,1,16,unary,game,observed_legacy_official,0,0
doTarget,110,24,0,0,legacy_official,0,0,0,binary,game,observed_legacy_official,0,0
fire,102,21,5,0,legacy_official,0,0,2,binary,game,observed_legacy_official,1,0
setFlagOwner,101,33,51,39,legacy_official,0,0,15,binary,game,observed_legacy_official,0,0
setGroupid,101,64,10,0,legacy_official,0,4,6,binary,game,observed_legacy_official,0,0
getDir,99,13,0,0,legacy_official,0,0,0,unary,game,observed_legacy_official,0,0
removeWeapon,98,43,51,0,legacy_official,0,50,4,binary,game,observed_legacy_official,0,0
playMove,95,32,12,0,legacy_official,0,2,3,binary,game,observed_legacy_official,0,0
playSound,95,30,5,45,legacy_official,0,0,3,unary,game,observed_legacy_official,0,0
east,90,58,43,37,legacy_official,0,1,27,nular,game,observed_legacy_official,1,0
isNull,89,33,48,41,legacy_official,0,0,16,unary,game,observed_legacy_official,0,0
moveInDriver,89,42,25,0,legacy_official,0,1,3,binary,game,observed_legacy_official,0,0
reveal,89,36,0,0,legacy_official,0,0,0,binary,game,observed_legacy_official,0,0
groupRadio,86,28,4,0,legacy_official,0,2,2,binary,game,observed_legacy_official,0,0
allowGetIn,83,34,6,0,legacy_official,0,5,3,binary,game,observed_legacy_official,0,0
saveStatus,78,19,0,0,legacy_official,0,0,0,binary,game,observed_legacy_official,0,0
setFuel,75,16,0,0,legacy_official,0,0,0,binary,game,observed_legacy_official,0,0
setMarkerType,73,32,7,0,legacy_official,0,6,3,binary,game,observed_legacy_official,0,0
saveGame,72,62,2,0,legacy_official,0,2,1,nular,game,observed_legacy_official,0,0
flyInHeight,68,21,1,0,legacy_official,0,1,1,binary,game,observed_legacy_official,0,0
addScore,66,39,24,42,legacy_official,0,0,13,binary,game,observed_legacy_official,0,0
selectWeapon,64,19,48,16,legacy_official,0,0,11,binary,game,observed_legacy_official,0,0
countType,63,24,8,20,legacy_official,0,0,2,binary,game,observed_legacy_official,0,0
setFlagSide,61,36,37,22,legacy_official,0,0,18,binary,game,observed_legacy_official,0,0
clearWeaponCargo,59,26,6,0,legacy_official,0,0,4,unary,game,observed_legacy_official,0,0
createVehicle,58,27,26,0,legacy_official,0,0,4,binary,game,observed_legacy_official,0,0
doMove,58,21,6,10,legacy_official,0,2,4,binary,game,observed_legacy_official,0,0
loadStatus,55,19,0,0,legacy_official,0,0,0,binary,game,observed_legacy_official,0,0
name,54,27,20,32,legacy_official,0,0,10,unary,game,observed_legacy_official,0,0
unassignVehicle,54,28,4,0,legacy_official,0,2,2,unary,game,observed_legacy_official,0,0
lock,54,15,3,0,legacy_official,0,3,1,binary,game,observed_legacy_official,0,0
fleeing,53,25,14,0,legacy_official,0,11,3,unary,game,observed_legacy_official,0,0
weapons,50,25,21,18,legacy_official,0,0,11,unary,game,observed_legacy_official,4,0
setRadioMsg,49,24,5,5,legacy_official,0,0,3,binary,game,observed_legacy_official,0,0
setSpeedMode,49,28,1,0,legacy_official,0,1,1,binary,game,observed_legacy_official,0,0
commander,49,14,0,0,legacy_official,0,0,0,unary,game,observed_legacy_official,0,0
setFormDir,47,14,0,0,legacy_official,0,0,0,binary,game,observed_legacy_official,0,0
cos,43,9,2,0,legacy_official,0,2,1,unary,core,observed_legacy_official,0,0
sin,43,9,2,0,legacy_official,0,2,1,unary,core,observed_legacy_official,0,0
canFire,41,17,5,0,legacy_official,0,4,4,unary,game,observed_legacy_official,0,0
fillWeaponsFromPool,41,16,0,0,legacy_official,0,0,0,unary,game,observed_legacy_official,0,0
addMagazinePool,39,20,0,0,legacy_official,0,0,0,unary,game,observed_legacy_official,0,0
getDammage,38,27,9,10,legacy_official,0,0,9,unary,game,observed_legacy_official,0,0
setViewDistance,38,33,3,0,legacy_official,0,3,2,unary,game,observed_legacy_official,0,0
assignAsDriver,38,19,2,0,legacy_official,0,2,1,binary,game,observed_legacy_official,0,0
inflame,36,18,0,0,legacy_official,0,0,0,binary,game,observed_legacy_official,0,0
setMarkerColor,35,6,21,0,legacy_official,0,0,4,binary,game,observed_legacy_official,0,0
setSkill,35,17,0,0,legacy_official,0,0,0,binary,game,observed_legacy_official,0,0
assignAsCargo,34,14,7,0,legacy_official,0,7,1,binary,game,observed_legacy_official,0,0
estimatedTimeLeft,33,33,15,16,legacy_official,0,0,15,unary,game,observed_legacy_official,0,0
resistance,33,23,9,5,legacy_official,0,0,5,nular,game,observed_legacy_official,0,0
fadeSound,32,18,7,0,legacy_official,0,6,6,binary,game,observed_legacy_official,0,0
cutText,30,10,4,4,legacy_official,0,0,1,unary,game,observed_legacy_official,0,0
addWeaponPool,30,20,0,0,legacy_official,0,0,0,unary,game,observed_legacy_official,0,0
cutRsc,28,11,0,0,legacy_official,0,0,0,unary,game,observed_legacy_official,0,0
skill,28,14,0,0,legacy_official,0,0,0,unary,game,observed_legacy_official,0,0
grpNull,27,6,1,0,legacy_official,0,1,1,nular,game,observed_legacy_official,0,0
hintC,25,5,0,0,legacy_official,0,0,0,unary,game,observed_legacy_official,0,0
object,25,7,0,0,legacy_official,0,0,0,unary,game,observed_legacy_official,0,0
titleRsc,24,3,0,0,legacy_official,0,0,0,unary,game,observed_legacy_official,0,0
setWPPos,23,18,2,5,legacy_official,0,0,2,binary,game,observed_legacy_official,0,0
unitReady,23,7,0,0,legacy_official,0,0,0,unary,game,observed_legacy_official,0,0
moveInGunner,22,13,1,0,legacy_official,0,1,1,binary,game,observed_legacy_official,0,0
doFire,22,10,0,0,legacy_official,0,0,0,binary,game,observed_legacy_official,0,0
setFace,22,3,0,0,legacy_official,0,0,0,binary,game,observed_legacy_official,0,0
globalRadio,21,5,0,0,legacy_official,0,0,0,binary,game,observed_legacy_official,0,0
speed,20,7,2,0,legacy_official,0,2,1,unary,game,observed_legacy_official,0,0
assignAsGunner,19,9,12,0,legacy_official,0,12,4,binary,game,observed_legacy_official,0,0
pickWeaponPool,18,15,0,0,legacy_official,0,0,0,unary,game,observed_legacy_official,0,0
showCinemaBorder,18,8,0,0,legacy_official,0,0,0,unary,game,observed_legacy_official,0,0
mapAnimAdd,17,3,0,0,legacy_official,0,0,0,unary,game,observed_legacy_official,0,0
moveInCommander,15,8,0,0,legacy_official,0,0,0,binary,game,observed_legacy_official,0,0
removeAction,14,9,2,0,legacy_official,0,0,1,binary,game,observed_legacy_official,0,0
cheatsEnabled,14,14,0,0,legacy_official,0,0,0,nular,game,observed_legacy_official,0,0
mapAnimCommit,14,2,0,0,legacy_official,0,0,0,nular,game,observed_legacy_official,0,0
addAction,13,7,2,0,legacy_official,0,0,1,binary,game,observed_legacy_official,0,0
ammo,12,6,2,0,legacy_official,0,2,1,binary,game,observed_legacy_official,0,0
damage,12,2,0,0,legacy_official,0,0,0,unary,game,observed_legacy_official,0,0
mapAnimDone,12,2,0,0,legacy_official,0,0,0,nular,game,observed_legacy_official,0,0
commandWatch,11,2,0,0,legacy_official,0,0,0,binary,game,observed_legacy_official,0,0
createUnit,11,1,0,0,legacy_official,0,0,0,binary,game,observed_legacy_official,0,0
commandMove,10,5,0,0,legacy_official,0,0,0,binary,game,observed_legacy_official,0,0
queryMagazinePool,10,10,0,0,legacy_official,0,0,0,unary,game,observed_legacy_official,0,0
queryWeaponPool,10,10,0,0,legacy_official,0,0,0,unary,game,observed_legacy_official,0,0
showRadio,9,8,2,5,legacy_official,0,0,2,unary,game,observed_legacy_official,0,0
leaveVehicle,9,9,1,0,legacy_official,0,0,1,binary,game,observed_legacy_official,0,0
assignAsCommander,9,5,0,0,legacy_official,0,0,0,binary,game,observed_legacy_official,0,0
drop,9,8,0,0,legacy_official,0,0,0,unary,game,observed_legacy_official,0,0
magazines,9,5,0,0,legacy_official,0,0,0,unary,game,observed_legacy_official,0,0
nearestObject,9,3,0,0,legacy_official,0,0,0,unary,game,observed_legacy_official,0,0
canStand,8,6,2,0,legacy_official,0,1,2,unary,game,observed_legacy_official,0,0
removeMagazine,8,6,1,0,legacy_official,0,0,1,binary,game,observed_legacy_official,0,0
doFollow,8,3,0,0,legacy_official,0,0,0,binary,game,observed_legacy_official,0,0
dostop,8,3,0,0,legacy_official,0,0,0,unary,game,observed_legacy_official,0,0
getWPPos,8,3,0,0,legacy_official,0,0,0,unary,game,observed_legacy_official,0,0
skipTime,8,6,0,0,legacy_official,0,0,0,unary,game,observed_legacy_official,0,0
switchLight,8,2,0,0,legacy_official,0,0,0,binary,game,observed_legacy_official,0,0
orderGetIn,6,6,13,0,legacy_official,0,13,5,binary,game,observed_legacy_official,0,0
someAmmo,6,4,2,2,legacy_official,0,0,1,unary,game,observed_legacy_official,0,0
camCommand,6,3,0,0,legacy_official,0,0,0,binary,game,observed_legacy_official,0,0
dayTime,6,4,0,0,legacy_official,0,0,0,nular,game,observed_legacy_official,0,0
disableUserInput,6,3,0,0,legacy_official,0,0,0,unary,game,observed_legacy_official,0,0
fuel,6,3,0,0,legacy_official,0,0,0,unary,game,observed_legacy_official,0,0
gunner,6,1,0,0,legacy_official,0,0,0,unary,game,observed_legacy_official,0,0
deleteStatus,5,5,0,0,legacy_official,0,0,0,unary,game,observed_legacy_official,0,0
lockWp,5,2,0,0,legacy_official,0,0,0,binary,game,observed_legacy_official,0,0
setMarkerSize,5,1,0,0,legacy_official,0,0,0,binary,game,observed_legacy_official,0,0
call,4,2,11,0,legacy_official,0,11,6,binary|unary,core,observed_legacy_official,0,0
allowDammage,4,2,2,0,legacy_official,0,2,1,binary,game,observed_legacy_official,0,0
behaviour,4,3,2,0,legacy_official,0,0,1,unary,game,observed_legacy_official,0,0
land,4,4,1,0,legacy_official,0,1,1,binary,game,observed_legacy_official,0,0
loadIdentity,4,1,0,0,legacy_official,0,0,0,binary,game,observed_legacy_official,0,0
saveIdentity,4,1,0,0,legacy_official,0,0,0,binary,game,observed_legacy_official,0,0
requiredVersion,3,3,1,1,legacy_official,0,0,1,unary,game,observed_legacy_official,0,0
setVelocity,3,2,1,0,legacy_official,0,1,1,binary,game,observed_legacy_official,0,0
addEventHandler,3,2,0,0,legacy_official,0,0,0,binary,game,observed_legacy_official,0,0
cadetMode,3,3,0,0,legacy_official,0,0,0,nular,game,observed_legacy_official,0,0
cutObj,3,2,0,0,legacy_official,0,0,0,unary,game,observed_legacy_official,0,0
forceMap,3,2,0,0,legacy_official,0,0,0,unary,game,observed_legacy_official,0,0
removeAllEventHandlers,3,2,0,0,legacy_official,0,0,0,binary,game,observed_legacy_official,0,0
setDamage,3,2,0,0,legacy_official,0,0,0,binary,game,observed_legacy_official,0,0
setTerrainGrid,3,3,0,0,legacy_official,0,0,0,unary,game,observed_legacy_official,0,0
handsHit,2,2,1,0,legacy_official,0,1,1,unary,game,observed_legacy_official,0,0
combatMode,2,1,0,0,legacy_official,0,0,0,unary,game,observed_legacy_official,0,0
countSide,2,1,0,0,legacy_official,0,0,0,binary,game,observed_legacy_official,0,0
enableEndDialog,2,2,0,0,legacy_official,0,0,0,nular,game,observed_legacy_official,0,0
engineOn,2,2,0,0,legacy_official,0,0,0,binary,game,observed_legacy_official,0,0
mapAnimClear,2,2,0,0,legacy_official,0,0,0,nular,game,observed_legacy_official,0,0
set,2,2,0,0,legacy_official,0,0,0,binary,core,observed_legacy_official,0,0
setAmmoCargo,2,1,0,0,legacy_official,0,0,0,binary,game,observed_legacy_official,0,0
setOvercast,2,2,0,0,legacy_official,0,0,0,binary,game,observed_legacy_official,0,0
showCompass,2,2,0,0,legacy_official,0,0,0,unary,game,observed_legacy_official,0,0
showGps,2,2,0,0,legacy_official,0,0,0,unary,game,observed_legacy_official,0,0
showPad,2,2,0,0,legacy_official,0,0,0,unary,game,observed_legacy_official,0,0
showWatch,2,2,0,0,legacy_official,0,0,0,unary,game,observed_legacy_official,0,0
switchCamera,2,2,0,0,legacy_official,0,0,0,binary,game,observed_legacy_official,0,0
animate,1,1,0,0,legacy_official,16,0,0,binary,game,observed_legacy_official,0,0
civilian,1,1,0,0,legacy_official,0,0,0,nular,game,observed_legacy_official,0,0
commandFire,1,1,0,0,legacy_official,0,0,0,binary,game,observed_legacy_official,0,0
crew,1,1,0,0,legacy_official,0,0,0,unary,game,observed_legacy_official,0,0
debugLog,1,1,0,0,legacy_official,0,0,0,unary,game,observed_legacy_official,0,0
hasWeapon,1,1,0,0,legacy_official,0,0,0,binary,game,observed_legacy_official,0,0
onBriefingNotes,1,1,0,0,legacy_official,0,0,0,unary,game,observed_legacy_official,0,0
putWeaponPool,1,1,0,0,legacy_official,0,0,0,unary,game,observed_legacy_official,0,0
setFormation,1,1,0,0,legacy_official,0,0,0,binary,game,observed_legacy_official,0,0
sideChat,1,1,0,0,legacy_official,0,0,0,binary,game,observed_legacy_official,0,0
stopped,1,1,0,0,legacy_official,0,0,0,unary,game,observed_legacy_official,0,0
vehicleRadio,1,1,0,0,legacy_official,0,0,0,binary,game,observed_legacy_official,0,0
captive,0,0,23,0,cwe,0,23,10,unary,game,observed_cwe_only,0,0
loadFile,0,0,5,0,cwe,0,5,5,unary,game,observed_cwe_only,0,0
animationPhase,0,0,0,0,legacy_official_configs,16,0,0,binary,game,observed_legacy_official_configs_only,0,0
abs,0,0,0,0,none,0,0,0,unary,core,registered_not_observed,0,0
accTime,0,0,0,0,none,0,0,0,nular,game,registered_not_observed,0,0
acos,0,0,0,0,none,0,0,0,unary,core,registered_not_observed,0,0
addClass,0,0,0,0,none,0,0,0,binary,game,registered_not_observed,0,0
addMagazinePrecise,0,0,0,0,none,0,0,0,binary,game,registered_not_observed,0,0
addValue,0,0,0,0,none,0,0,0,binary,game,registered_not_observed,0,0
addWaypoint,0,0,0,0,none,0,0,0,binary,game,registered_not_observed,0,0
allowDamage,0,0,0,0,none,0,0,0,binary,game,registered_not_observed,0,0
ammoArray,0,0,0,0,none,0,0,0,binary,game,registered_not_observed,0,0
asin,0,0,0,0,none,0,0,0,unary,core,registered_not_observed,0,0
atan,0,0,0,0,none,0,0,0,unary,core,registered_not_observed,0,0
atan2,0,0,0,0,none,0,0,0,binary,core,registered_not_observed,0,0
atg,0,0,0,0,none,0,0,0,unary,core,registered_not_observed,0,0
behavior,0,0,0,0,none,0,0,0,unary,game,registered_not_observed,0,0
benchmark,0,0,0,0,none,0,0,0,nular,game,registered_not_observed,0,0
boolEq,0,0,0,0,none,0,0,0,binary,game,registered_not_observed,0,0
boolNe,0,0,0,0,none,0,0,0,binary,game,registered_not_observed,0,0
buildingPos,0,0,0,0,none,0,0,0,binary,game,registered_not_observed,0,0
buttonAction,0,0,0,0,none,0,0,0,unary,game,registered_not_observed,0,0
buttonSetAction,0,0,0,0,none,0,0,0,unary,game,registered_not_observed,0,0
cameraOn,0,0,0,0,none,0,0,0,nular,game,registered_not_observed,0,0
camSetBank,0,0,0,0,none,0,0,0,binary,game,registered_not_observed,0,0
camSetDir,0,0,0,0,none,0,0,0,binary,game,registered_not_observed,0,0
camSetDive,0,0,0,0,none,0,0,0,binary,game,registered_not_observed,0,0
camSetFovRange,0,0,0,0,none,0,0,0,binary,game,registered_not_observed,0,0
clearMagazinePool,0,0,0,0,none,0,0,0,nular,game,registered_not_observed,0,0
clearWeaponPool,0,0,0,0,none,0,0,0,nular,game,registered_not_observed,0,0
closeDialog,0,0,0,0,none,0,0,0,unary,game,registered_not_observed,0,0
commandFollow,0,0,0,0,none,0,0,0,binary,game,registered_not_observed,0,0
commandstop,0,0,0,0,none,0,0,0,unary,game,registered_not_observed,0,0
commandTarget,0,0,0,0,none,0,0,0,binary,game,registered_not_observed,0,0
comment,0,0,0,0,none,0,0,0,unary,core,registered_not_observed,0,0
countEnemy,0,0,0,0,none,0,0,0,binary,game,registered_not_observed,0,0
countFriendly,0,0,0,0,none,0,0,0,binary,game,registered_not_observed,0,0
countUnknown,0,0,0,0,none,0,0,0,binary,game,registered_not_observed,0,0
createCenter,0,0,0,0,none,0,0,0,unary,game,registered_not_observed,0,0
createDialog,0,0,0,0,none,0,0,0,unary,game,registered_not_observed,0,0
createGroup,0,0,0,0,none,0,0,0,unary,game,registered_not_observed,0,0
createGuardedPoint,0,0,0,0,none,0,0,0,unary,game,registered_not_observed,0,0
createMarker,0,0,0,0,none,0,0,0,unary,game,registered_not_observed,0,0
createShell,0,0,0,0,none,0,0,0,unary,game,registered_not_observed,0,0
createTrigger,0,0,0,0,none,0,0,0,unary,game,registered_not_observed,0,0
ctrlEnable,0,0,0,0,none,0,0,0,unary,game,registered_not_observed,0,0
ctrlEnabled,0,0,0,0,none,0,0,0,unary,game,registered_not_observed,0,0
ctrlSetText,0,0,0,0,none,0,0,0,unary,game,registered_not_observed,0,0
ctrlShow,0,0,0,0,none,0,0,0,unary,game,registered_not_observed,0,0
ctrlText,0,0,0,0,none,0,0,0,unary,game,registered_not_observed,0,0
ctrlVisible,0,0,0,0,none,0,0,0,unary,game,registered_not_observed,0,0
deg,0,0,0,0,none,0,0,0,unary,core,registered_not_observed,0,0
deleteCenter,0,0,0,0,none,0,0,0,unary,game,registered_not_observed,0,0
deleteGroup,0,0,0,0,none,0,0,0,unary,game,registered_not_observed,0,0
deleteIdentity,0,0,0,0,none,0,0,0,unary,game,registered_not_observed,0,0
deleteMarker,0,0,0,0,none,0,0,0,unary,game,registered_not_observed,0,0
deleteWaypoint,0,0,0,0,none,0,0,0,unary,game,registered_not_observed,0,0
dialog,0,0,0,0,none,0,0,0,nular,game,registered_not_observed,0,0
direction,0,0,0,0,none,0,0,0,unary,game,registered_not_observed,0,0
do,0,0,0,0,none,0,0,0,binary,core,registered_not_observed,0,0
else,0,0,0,0,none,0,0,0,binary,core,registered_not_observed,0,0
endGame,0,0,0,0,none,0,0,0,nular,game,registered_not_observed,0,168
exitWith,0,0,0,0,none,0,0,0,binary,core,registered_not_observed,0,0
exp,0,0,0,0,none,0,0,0,unary,core,registered_not_observed,0,0
find,0,0,0,0,none,0,0,0,binary,core,registered_not_observed,0,0
flag,0,0,0,0,none,0,0,0,unary,game,registered_not_observed,0,0
for,0,0,0,0,none,0,0,0,unary,core,registered_not_observed,0,0
formation,0,0,0,0,none,0,0,0,unary,game,registered_not_observed,0,0
formLeader,0,0,0,0,none,0,0,0,unary,game,registered_not_observed,0,0
from,0,0,0,0,none,0,0,0,binary,core,registered_not_observed,0,0
GetAmmoParam,0,0,0,0,none,0,0,0,binary,game,registered_not_observed,0,0
GetAmmoParamArray,0,0,0,0,none,0,0,0,binary,game,registered_not_observed,0,0
GetAmmoSubParam,0,0,0,0,none,0,0,0,binary,game,registered_not_observed,0,0
GetAmmoSubParamArray,0,0,0,0,none,0,0,0,binary,game,registered_not_observed,0,0
getDamage,0,0,0,0,none,0,0,0,unary,game,registered_not_observed,0,0
GetHitpointsNames,0,0,0,0,none,0,0,0,unary,game,registered_not_observed,0,0
getMarkerColor,0,0,0,0,none,0,0,0,unary,game,registered_not_observed,0,0
getMarkerDir,0,0,0,0,none,0,0,0,unary,game,registered_not_observed,0,0
getMarkerSize,0,0,0,0,none,0,0,0,unary,game,registered_not_observed,0,0
getMarkerType,0,0,0,0,none,0,0,0,unary,game,registered_not_observed,0,0
getMass,0,0,0,0,none,0,0,0,unary,game,registered_not_observed,0,0
getMove,0,0,0,0,none,0,0,0,unary,game,registered_not_observed,0,0
getPosASL,0,0,0,0,none,0,0,0,unary,game,registered_not_observed,0,0
getSelectionDamage,0,0,0,0,none,0,0,0,binary,game,registered_not_observed,0,0
GetSelectionDammage,0,0,0,0,none,0,0,0,binary,game,registered_not_observed,0,0
getTurretDirAndElev,0,0,0,0,none,0,0,0,unary,game,registered_not_observed,0,0
getValue,0,0,0,0,none,0,0,0,binary,game,registered_not_observed,0,0
GetVehicleParam,0,0,0,0,none,0,0,0,binary,game,registered_not_observed,0,0
GetVehicleParamArray,0,0,0,0,none,0,0,0,binary,game,registered_not_observed,0,0
GetVehicleSubParam,0,0,0,0,none,0,0,0,binary,game,registered_not_observed,0,0
GetVehicleSubParamArray,0,0,0,0,none,0,0,0,binary,game,registered_not_observed,0,0
GetWeaponParam,0,0,0,0,none,0,0,0,binary,game,registered_not_observed,0,0
GetWeaponParamArray,0,0,0,0,none,0,0,0,binary,game,registered_not_observed,0,0
GetWeaponSubParam,0,0,0,0,none,0,0,0,binary,game,registered_not_observed,0,0
GetWeaponSubParamArray,0,0,0,0,none,0,0,0,binary,game,registered_not_observed,0,0
getWorld,0,0,0,0,none,0,0,0,nular,game,registered_not_observed,0,0
globalChat,0,0,0,0,none,0,0,0,binary,game,registered_not_observed,0,0
groupChat,0,0,0,0,none,0,0,0,binary,game,registered_not_observed,0,0
hintCadet,0,0,0,0,none,0,0,0,unary,game,registered_not_observed,0,0
if,0,0,0,0,none,0,0,0,unary,core,registered_not_observed,0,0
inflamed,0,0,0,0,none,0,0,0,unary,game,registered_not_observed,0,0
isEngineOn,0,0,0,0,none,0,0,0,unary,game,registered_not_observed,0,0
isJIP,0,0,0,0,none,0,0,0,nular,game,registered_not_observed,0,0
isServer,0,0,0,0,none,0,0,0,nular,game,registered_not_observed,0,0
knowsAbout,0,0,0,0,none,0,0,0,binary,game,registered_not_observed,0,0
laserTarget,0,0,0,0,none,0,0,0,unary,game,registered_not_observed,0,0
lbAdd,0,0,0,0,none,0,0,0,unary,game,registered_not_observed,0,0
lbClear,0,0,0,0,none,0,0,0,unary,game,registered_not_observed,0,0
lbColor,0,0,0,0,none,0,0,0,unary,game,registered_not_observed,0,0
lbCurSel,0,0,0,0,none,0,0,0,unary,game,registered_not_observed,0,0
lbData,0,0,0,0,none,0,0,0,unary,game,registered_not_observed,0,0
lbDelete,0,0,0,0,none,0,0,0,unary,game,registered_not_observed,0,0
lbPicture,0,0,0,0,none,0,0,0,unary,game,registered_not_observed,0,0
lbSetColor,0,0,0,0,none,0,0,0,unary,game,registered_not_observed,0,0
lbSetCurSel,0,0,0,0,none,0,0,0,unary,game,registered_not_observed,0,0
lbSetData,0,0,0,0,none,0,0,0,unary,game,registered_not_observed,0,0
lbSetPicture,0,0,0,0,none,0,0,0,unary,game,registered_not_observed,0,0
lbSetValue,0,0,0,0,none,0,0,0,unary,game,registered_not_observed,0,0
lbSize,0,0,0,0,none,0,0,0,unary,game,registered_not_observed,0,0
lbText,0,0,0,0,none,0,0,0,unary,game,registered_not_observed,0,0
lbValue,0,0,0,0,none,0,0,0,unary,game,registered_not_observed,0,0
lightIsOn,0,0,0,0,none,0,0,0,unary,game,registered_not_observed,0,0
listConfigNames,0,0,0,0,none,0,0,0,nular,game,registered_not_observed,0,0
ln,0,0,0,0,none,0,0,0,unary,core,registered_not_observed,0,0
loadConfig,0,0,0,0,none,0,0,0,unary,game,registered_not_observed,0,0
loadMission,0,0,0,0,none,0,0,0,unary,game,registered_not_observed,0,0
locked,0,0,0,0,none,0,0,0,unary,game,registered_not_observed,0,0
log,0,0,0,0,none,0,0,0,unary,core,registered_not_observed,0,0
logInfo,0,0,0,0,none,0,0,0,unary,game,registered_not_observed,0,0
magazinesArray,0,0,0,0,none,0,0,0,unary,game,registered_not_observed,0,0
mapHeight,0,0,0,0,none,0,0,0,nular,game,registered_not_observed,0,0
mapLeftTopPos,0,0,0,0,none,0,0,0,nular,game,registered_not_observed,0,0
mapWidth,0,0,0,0,none,0,0,0,nular,game,registered_not_observed,0,0
markerColor,0,0,0,0,none,0,0,0,unary,game,registered_not_observed,0,0
markerPos,0,0,0,0,none,0,0,0,unary,game,registered_not_observed,0,0
markerSize,0,0,0,0,none,0,0,0,unary,game,registered_not_observed,0,0
markerType,0,0,0,0,none,0,0,0,unary,game,registered_not_observed,0,0
missionName,0,0,0,0,none,0,0,0,nular,game,registered_not_observed,0,0
missionStart,0,0,0,0,none,0,0,0,nular,game,registered_not_observed,0,0
mod,0,0,0,0,none,0,0,0,binary,core,registered_not_observed,0,0
musicVolume,0,0,0,0,none,0,0,0,nular,game,registered_not_observed,0,0
muzzleReloadTime,0,0,0,0,none,0,0,0,binary,game,registered_not_observed,0,0
nearestBuilding,0,0,0,0,none,0,0,0,unary,game,registered_not_observed,0,0
NearestObjectDistance,0,0,0,0,none,0,0,0,unary,game,registered_not_observed,0,0
netId,0,0,0,0,none,0,0,0,unary,game,registered_not_observed,0,0
NetworkId,0,0,0,0,none,0,0,0,unary,game,registered_not_observed,0,0
newConfig,0,0,0,0,none,0,0,0,nular,game,registered_not_observed,0,0
nil,0,0,0,0,none,0,0,0,nular,core,registered_not_observed,0,0
objectFromNetId,0,0,0,0,none,0,0,0,unary,game,registered_not_observed,0,0
onBriefingGear,0,0,0,0,none,0,0,0,unary,game,registered_not_observed,0,0
onBriefingGroup,0,0,0,0,none,0,0,0,unary,game,registered_not_observed,0,0
onBriefingPlan,0,0,0,0,none,0,0,0,unary,game,registered_not_observed,0,0
onMapSingleClick,0,0,0,0,none,0,0,0,unary,game,registered_not_observed,0,0
onPlayerConnected,0,0,0,0,none,0,0,0,unary,game,registered_not_observed,0,0
onPlayerDisconnected,0,0,0,0,none,0,0,0,unary,game,registered_not_observed,0,0
openClass,0,0,0,0,none,0,0,0,binary,game,registered_not_observed,0,0
parseSimpleArray,0,0,0,0,none,0,0,0,unary,core,registered_not_observed,0,0
pi,0,0,0,0,none,0,0,0,nular,core,registered_not_observed,0,0
playerClearInjured,0,0,0,0,none,0,0,0,nular,game,registered_not_observed,0,0
playersNumber,0,0,0,0,none,0,0,0,unary,game,registered_not_observed,0,0
position,0,0,0,0,none,0,0,0,unary,game,registered_not_observed,0,0
preprocessFile,0,0,0,0,none,0,0,0,unary,game,registered_not_observed,0,0
primaryWeapon,0,0,0,0,none,0,0,0,unary,game,registered_not_observed,0,0
private,0,0,0,0,none,0,0,0,unary,core,registered_not_observed,0,0
publicExec,0,0,0,0,none,0,0,0,unary,game,registered_not_observed,0,0
publicVariableArray,0,0,0,0,none,0,0,0,unary,game,registered_not_observed,0,0
publicVariableString,0,0,0,0,none,0,0,0,unary,game,registered_not_observed,0,0
rad,0,0,0,0,none,0,0,0,unary,core,registered_not_observed,0,0
remoteExec,0,0,0,0,none,0,0,0,binary,game,registered_not_observed,0,0
remoteExecCall,0,0,0,0,none,0,0,0,binary,game,registered_not_observed,0,0
remoteExecRemove,0,0,0,0,none,0,0,0,unary,game,registered_not_observed,0,0
removeEventHandler,0,0,0,0,none,0,0,0,binary,game,registered_not_observed,0,0
resize,0,0,0,0,none,0,0,0,binary,core,registered_not_observed,0,0
saveConfig,0,0,0,0,none,0,0,0,binary,game,registered_not_observed,0,0
saveMission,0,0,0,0,none,0,0,0,unary,game,registered_not_observed,0,0
scudState,0,0,0,0,none,0,0,0,unary,game,registered_not_observed,0,0
secondaryWeapon,0,0,0,0,none,0,0,0,unary,game,registered_not_observed,0,0
serverPause,0,0,0,0,none,0,0,0,nular,game,registered_not_observed,0,0
serverResume,0,0,0,0,none,0,0,0,nular,game,registered_not_observed,0,0
setBehavior,0,0,0,0,none,0,0,0,binary,game,registered_not_observed,0,0
setCameraEffect,0,0,0,0,none,0,0,0,binary,game,registered_not_observed,0,0
setDate,0,0,0,0,none,0,0,0,unary,game,registered_not_observed,0,0
setEffectCondition,0,0,0,0,none,0,0,0,binary,game,registered_not_observed,0,0
setFaceanimation,0,0,0,0,none,0,0,0,binary,game,registered_not_observed,0,0
setFog,0,0,0,0,none,0,0,0,binary,game,registered_not_observed,0,0
setFriend,0,0,0,0,none,0,0,0,binary,game,registered_not_observed,0,0
setFuelCargo,0,0,0,0,none,0,0,0,binary,game,registered_not_observed,0,0
setMarkerBrush,0,0,0,0,none,0,0,0,binary,game,registered_not_observed,0,0
setMarkerDir,0,0,0,0,none,0,0,0,binary,game,registered_not_observed,0,0
setMarkerShape,0,0,0,0,none,0,0,0,binary,game,registered_not_observed,0,0
setMarkerText,0,0,0,0,none,0,0,0,binary,game,registered_not_observed,0,0
setMusicEffect,0,0,0,0,none,0,0,0,binary,game,registered_not_observed,0,0
setObjectTexture,0,0,0,0,none,0,0,0,binary,game,registered_not_observed,0,0
setPosASL,0,0,0,0,none,0,0,0,binary,game,registered_not_observed,0,0
setRain,0,0,0,0,none,0,0,0,binary,game,registered_not_observed,0,0
setRepairCargo,0,0,0,0,none,0,0,0,binary,game,registered_not_observed,0,0
setSelectionDamage,0,0,0,0,none,0,0,0,binary,game,registered_not_observed,0,0
SetSelectionDammage,0,0,0,0,none,0,0,0,binary,game,registered_not_observed,0,0
setSoundEffect,0,0,0,0,none,0,0,0,binary,game,registered_not_observed,0,0
setTitleEffect,0,0,0,0,none,0,0,0,binary,game,registered_not_observed,0,0
setTriggerActivation,0,0,0,0,none,0,0,0,binary,game,registered_not_observed,0,0
setTriggerArea,0,0,0,0,none,0,0,0,binary,game,registered_not_observed,0,0
setTriggerStatements,0,0,0,0,none,0,0,0,binary,game,registered_not_observed,0,0
setTriggerText,0,0,0,0,none,0,0,0,binary,game,registered_not_observed,0,0
setTriggerTimeout,0,0,0,0,none,0,0,0,binary,game,registered_not_observed,0,0
setTriggerType,0,0,0,0,none,0,0,0,binary,game,registered_not_observed,0,0
setVectorDir,0,0,0,0,none,0,0,0,binary,game,registered_not_observed,0,0
setVectorDirAndUp,0,0,0,0,none,0,0,0,binary,game,registered_not_observed,0,0
setVectorUp,0,0,0,0,none,0,0,0,binary,game,registered_not_observed,0,0
setWaypointBehavior,0,0,0,0,none,0,0,0,binary,game,registered_not_observed,0,0
setWaypointBehaviour,0,0,0,0,none,0,0,0,binary,game,registered_not_observed,0,0
setWaypointCombatMode,0,0,0,0,none,0,0,0,binary,game,registered_not_observed,0,0
setWaypointDescription,0,0,0,0,none,0,0,0,binary,game,registered_not_observed,0,0
setWaypointFormation,0,0,0,0,none,0,0,0,binary,game,registered_not_observed,0,0
setWaypointHousePosition,0,0,0,0,none,0,0,0,binary,game,registered_not_observed,0,0
setWaypointPosition,0,0,0,0,none,0,0,0,binary,game,registered_not_observed,0,0
setWaypointScript,0,0,0,0,none,0,0,0,binary,game,registered_not_observed,0,0
setWaypointSpeed,0,0,0,0,none,0,0,0,binary,game,registered_not_observed,0,0
setWaypointStatements,0,0,0,0,none,0,0,0,binary,game,registered_not_observed,0,0
setWaypointTimeout,0,0,0,0,none,0,0,0,binary,game,registered_not_observed,0,0
setWaypointType,0,0,0,0,none,0,0,0,binary,game,registered_not_observed,0,0
showDebug,0,0,0,0,none,0,0,0,unary,game,registered_not_observed,0,0
showMap,0,0,0,0,none,0,0,0,unary,game,registered_not_observed,0,0
shownCompass,0,0,0,0,none,0,0,0,nular,game,registered_not_observed,0,0
shownGps,0,0,0,0,none,0,0,0,nular,game,registered_not_observed,0,0
shownMap,0,0,0,0,none,0,0,0,nular,game,registered_not_observed,0,0
shownPad,0,0,0,0,none,0,0,0,nular,game,registered_not_observed,0,0
shownRadio,0,0,0,0,none,0,0,0,nular,game,registered_not_observed,0,0
shownWarrant,0,0,0,0,none,0,0,0,nular,game,registered_not_observed,0,0
shownWatch,0,0,0,0,none,0,0,0,nular,game,registered_not_observed,0,0
showWarrant,0,0,0,0,none,0,0,0,unary,game,registered_not_observed,0,0
showWaypoint,0,0,0,0,none,0,0,0,binary,game,registered_not_observed,0,0
sideEnemy,0,0,0,0,none,0,0,0,nular,game,registered_not_observed,0,0
sideFriendly,0,0,0,0,none,0,0,0,nular,game,registered_not_observed,0,0
sideLogic,0,0,0,0,none,0,0,0,nular,game,registered_not_observed,0,0
sizeofstr,0,0,0,0,none,0,0,0,unary,game,registered_not_observed,0,0
sliderPosition,0,0,0,0,none,0,0,0,unary,game,registered_not_observed,0,0
sliderRange,0,0,0,0,none,0,0,0,unary,game,registered_not_observed,0,0
sliderSetPosition,0,0,0,0,none,0,0,0,unary,game,registered_not_observed,0,0
sliderSetRange,0,0,0,0,none,0,0,0,unary,game,registered_not_observed,0,0
sliderSetSpeed,0,0,0,0,none,0,0,0,unary,game,registered_not_observed,0,0
sliderSpeed,0,0,0,0,none,0,0,0,unary,game,registered_not_observed,0,0
soundLength,0,0,0,0,none,0,0,0,unary,game,registered_not_observed,0,0
soundVolume,0,0,0,0,none,0,0,0,nular,game,registered_not_observed,0,0
speedMode,0,0,0,0,none,0,0,0,unary,game,registered_not_observed,0,0
sqrt,0,0,0,0,none,0,0,0,unary,core,registered_not_observed,0,0
step,0,0,0,0,none,0,0,0,binary,core,registered_not_observed,0,0
substr,0,0,0,0,none,0,0,0,unary,game,registered_not_observed,0,0
synchronizeWaypoint,0,0,0,0,none,0,0,0,binary,game,registered_not_observed,0,0
tan,0,0,0,0,none,0,0,0,unary,core,registered_not_observed,0,0
textLog,0,0,0,0,none,0,0,0,unary,game,registered_not_observed,0,0
tg,0,0,0,0,none,0,0,0,unary,core,registered_not_observed,0,0
then,0,0,0,0,none,0,0,0,binary,core,registered_not_observed,0,0
titleObj,0,0,0,0,none,0,0,0,unary,game,registered_not_observed,0,0
to,0,0,0,0,none,0,0,0,binary,core,registered_not_observed,1,0
triggerAttachObject,0,0,0,0,none,0,0,0,binary,game,registered_not_observed,0,0
triggerAttachVehicle,0,0,0,0,none,0,0,0,binary,game,registered_not_observed,0,0
typeOf,0,0,0,0,none,0,0,0,unary,game,registered_not_observed,0,0
UnitById,0,0,0,0,none,0,0,0,unary,game,registered_not_observed,0,0
usedVersion,0,0,0,0,none,0,0,0,nular,game,registered_not_observed,0,0
VBS_addEvent,0,0,0,0,none,0,0,0,unary,game,registered_not_observed,0,0
VBS_addFooter,0,0,0,0,none,0,0,0,unary,game,registered_not_observed,0,0
VBS_addHeader,0,0,0,0,none,0,0,0,unary,game,registered_not_observed,0,0
VBS_injuries,0,0,0,0,none,0,0,0,unary,game,registered_not_observed,0,0
VBS_killed,0,0,0,0,none,0,0,0,unary,game,registered_not_observed,0,0
VBS_kills,0,0,0,0,none,0,0,0,unary,game,registered_not_observed,0,0
vectorDir,0,0,0,0,none,0,0,0,unary,game,registered_not_observed,0,0
vectorUp,0,0,0,0,none,0,0,0,unary,game,registered_not_observed,0,0
vehicleChat,0,0,0,0,none,0,0,0,binary,game,registered_not_observed,0,0
velocity,0,0,0,0,none,0,0,0,unary,game,registered_not_observed,0,0
voiceLanguage,0,0,0,0,none,0,0,0,nular,game,registered_not_observed,0,0
waypointAttachObject,0,0,0,0,none,0,0,0,binary,game,registered_not_observed,0,0
waypointAttachVehicle,0,0,0,0,none,0,0,0,binary,game,registered_not_observed,0,0
waypointPosition,0,0,0,0,none,0,0,0,unary,game,registered_not_observed,0,0
while,0,0,0,0,none,0,0,0,unary,core,registered_not_observed,0,0
worldSize,0,0,0,0,none,0,0,0,nular,game,registered_not_observed,0,0
