command,registered_in,dialects,category,side_effect,lint_policy,agent_policy,harness_policy,citation
loadFile,GameStateExt.cpp ExtUnary (always),cwr+ce (1.99: likely),fs-read; dynamic-code,Reads a file into a string. Name is appended to the mission dir then campaign/root scripts dirs with no '..' check; a leading '\' opens the rest of the string as given (absolute paths possible),info; warn if not a literal or if it starts with '\'; deny if it contains '..' or ':' or is UNC or is absolute after removing one leading '\' (doc 24 rules L2-L3),approve only for a literal mission-relative path to a file the project contains; else deny,never,BohemiaInteractive/CWR@ffc61838b7:engine/Poseidon/Game/Commands/GameStateExt.cpp#L1159 ; BohemiaInteractive/CWR@ffc61838b7:engine/Poseidon/Game/Commands/GameStateExtWorldConfig.cpp#L1050-L1058 ; BohemiaInteractive/CWR@ffc61838b7:engine/Poseidon/Game/Scripting/Scripts.cpp#L126-L150 ; BohemiaInteractive/CWR@ffc61838b7:engine/Poseidon/UI/OptionsUI.cpp#L630-L655
preprocessFile,GameStateExt.cpp ExtUnary (always),cwr+ce (1.99: likely),fs-read; dynamic-code,Resolves its own name with FindScript directly (mission dir then campaign/root scripts dirs; no '..' check; unlike loadFile and exec the leading-'\' rule does not apply to this name); every #include inside the file is then opened by its raw name (absolute paths possible) and the preprocessed text is returned to the script,info; warn if not a literal; deny if the path or any #include breaks rule L2 (as loadFile),approve only for a literal mission-relative path to a file the project contains; else deny,never,BohemiaInteractive/CWR@ffc61838b7:engine/Poseidon/Game/Commands/GameStateExt.cpp#L1160 ; BohemiaInteractive/CWR@ffc61838b7:engine/Poseidon/Game/Commands/GameStateExtWorldConfig.cpp#L1060-L1091 ; BohemiaInteractive/CWR@ffc61838b7:engine/Poseidon/UI/OptionsUI.cpp#L630-L655
exec,GameStateExt.cpp ExtBinary (always),cwr+ce (1.99: likely),fs-read; deferred-code,Starts an SQS script loaded through OpenScript (same unconfined path resolution as loadFile),info; warn if not a literal or if it starts with '\'; deny if the path breaks rule L2 (as loadFile),allow for a literal path to an .sqs the project contains; else deny,console,BohemiaInteractive/CWR@ffc61838b7:engine/Poseidon/Game/Commands/GameStateExt.cpp#L1322 ; BohemiaInteractive/CWR@ffc61838b7:engine/Poseidon/Game/Scripting/Scripts.cpp#L574-L580 ; BohemiaInteractive/CWR@ffc61838b7:engine/Poseidon/Game/Scripting/Scripts.cpp#L126-L150
call,express.cpp DefaultBinary + DefaultUnary (always),cwr+ce (1.99: likely),dynamic-code,Evaluates a string as code; with a computed string the called code cannot be checked statically,info; warn if the argument is not a string literal,allow literal code (inner code re-checked with the same policy); deny computed code,template,BohemiaInteractive/CWR@ffc61838b7:engine/Evaluator/express.cpp#L1149 ; BohemiaInteractive/CWR@ffc61838b7:engine/Evaluator/express.cpp#L1188
loadConfig,GameStateExt.cpp ExtUnary (always),cwr+ce (1.99: unknown),fs-read,Parses <UserDir>/Config/<name>; the name may not contain '/' or '\'; the file goes through the config preprocessor so an #include inside it opens its raw name (see the '#include in configs' row),warn,deny,never,BohemiaInteractive/CWR@ffc61838b7:engine/Poseidon/Game/Commands/GameStateExt.cpp#L1149 ; BohemiaInteractive/CWR@ffc61838b7:engine/Poseidon/Game/Commands/GameStateExtWorldConfig.cpp#L84-L135
saveConfig,GameStateExt.cpp ExtBinary (always),cwr+ce (1.99: unknown),fs-write; persist-profile,Creates the path and writes <UserDir>/Config/<name> (slash-free name; other Windows path forms not analysed),warn,deny,never,BohemiaInteractive/CWR@ffc61838b7:engine/Poseidon/Game/Commands/GameStateExt.cpp#L1387 ; BohemiaInteractive/CWR@ffc61838b7:engine/Poseidon/Game/Commands/GameStateExtWorldConfig.cpp#L137-L167
listConfigNames,GameStateExt.cpp ExtNular (always),cwr+ce (1.99: unknown),fs-read (listing),Returns the file names in <UserDir>/Config,warn,deny,never,BohemiaInteractive/CWR@ffc61838b7:engine/Poseidon/Game/Commands/GameStateExt.cpp#L904 ; BohemiaInteractive/CWR@ffc61838b7:engine/Poseidon/Game/Commands/GameStateExtWorldConfig.cpp#L445-L483
newConfig,GameStateExt.cpp ExtNular (always),cwr+ce (1.99: unknown),mission-state,In-memory config object; only reaches disk through saveConfig,info,deny,never,BohemiaInteractive/CWR@ffc61838b7:engine/Poseidon/Game/Commands/GameStateExt.cpp#L903 ; BohemiaInteractive/CWR@ffc61838b7:engine/Poseidon/Game/Commands/GameStateExtWorldConfig.cpp#L109-L115
saveVar,GameStateExt.cpp ExtUnary (always),cwr+ce (1.99: likely),persist-campaign,Copies a global variable into the campaign table that is saved with campaign progress,info,template-only (campaign compiler); else approve,never,BohemiaInteractive/CWR@ffc61838b7:engine/Poseidon/Game/Commands/GameStateExt.cpp#L1069 ; BohemiaInteractive/CWR@ffc61838b7:engine/Poseidon/Game/Commands/GameStateExtGrp.cpp#L412-L425
saveStatus,GameStateExt.cpp ExtBinary (always),cwr+ce (1.99: likely),persist-campaign; fs-write,Rewrites <campaign save dir>/objects.sav; the key is a class name not a path,info,template-only (campaign compiler); else approve,never,BohemiaInteractive/CWR@ffc61838b7:engine/Poseidon/Game/Commands/GameStateExt.cpp#L1374 ; BohemiaInteractive/CWR@ffc61838b7:engine/Poseidon/Game/Commands/GameStateExtWorld.cpp#L814-L869
loadStatus,GameStateExt.cpp ExtBinary (always),cwr+ce (1.99: likely),persist-campaign; fs-read,Reads <campaign save dir>/objects.sav into an object,info,template-only (campaign compiler); else approve,never,BohemiaInteractive/CWR@ffc61838b7:engine/Poseidon/Game/Commands/GameStateExt.cpp#L1375 ; BohemiaInteractive/CWR@ffc61838b7:engine/Poseidon/Game/Commands/GameStateExtWorld.cpp#L898-L945
deleteStatus,GameStateExt.cpp ExtUnary (always),cwr+ce (1.99: likely),persist-campaign; fs-write,Deletes a key from objects.sav and rewrites the file,warn,template-only (campaign compiler); else approve,never,BohemiaInteractive/CWR@ffc61838b7:engine/Poseidon/Game/Commands/GameStateExt.cpp#L1144 ; BohemiaInteractive/CWR@ffc61838b7:engine/Poseidon/Game/Commands/GameStateExtWorld.cpp#L871-L896
saveIdentity,GameStateExt.cpp ExtBinary (always),cwr+ce (1.99: likely),persist-campaign; fs-write,Rewrites objects.sav Identities/<key> and marks the identity used,info,template-only (campaign compiler); else approve,never,BohemiaInteractive/CWR@ffc61838b7:engine/Poseidon/Game/Commands/GameStateExt.cpp#L1377 ; BohemiaInteractive/CWR@ffc61838b7:engine/Poseidon/Game/Commands/GameStateExtWorld.cpp#L947-L1000
loadIdentity,GameStateExt.cpp ExtBinary (always),cwr+ce (1.99: likely),persist-campaign; fs-read,Reads objects.sav Identities/<key> into a unit,info,template-only (campaign compiler); else approve,never,BohemiaInteractive/CWR@ffc61838b7:engine/Poseidon/Game/Commands/GameStateExt.cpp#L1378 ; BohemiaInteractive/CWR@ffc61838b7:engine/Poseidon/Game/Commands/GameStateExtWorld.cpp#L1029-L1077
deleteIdentity,GameStateExt.cpp ExtUnary (always),cwr+ce (1.99: likely),persist-campaign; fs-write,Deletes Identities/<key> from objects.sav and rewrites the file,warn,template-only (campaign compiler); else approve,never,BohemiaInteractive/CWR@ffc61838b7:engine/Poseidon/Game/Commands/GameStateExt.cpp#L1145 ; BohemiaInteractive/CWR@ffc61838b7:engine/Poseidon/Game/Commands/GameStateExtWorld.cpp#L1002-L1027
saveGame,GameStateExt.cpp ExtNular (always),cwr+ce (1.99: likely),fs-write; persist-profile,Writes <save dir>/autosave.fps (overwrites the previous autosave),info,approve,never,BohemiaInteractive/CWR@ffc61838b7:engine/Poseidon/Game/Commands/GameStateExt.cpp#L881 ; BohemiaInteractive/CWR@ffc61838b7:engine/Poseidon/Game/Commands/GameStateExtUi.cpp#L2123-L2135
saveMission,GameStateExt.cpp ExtUnary (always),cwr+ce (1.99: unknown; likely a CWR addition),fs-write; net-mp,On a server passes the script string straight to fopen in write-binary mode and writes a fixed 20-byte 'JIPS' header: creates or truncates (clobbers) any path the process can write,deny,deny,never,BohemiaInteractive/CWR@ffc61838b7:engine/Poseidon/Game/Commands/GameStateExt.cpp#L1043 ; BohemiaInteractive/CWR@ffc61838b7:engine/Poseidon/Game/Commands/GameStateExtWorldConfig.cpp#L920-L928 ; BohemiaInteractive/CWR@ffc61838b7:engine/Poseidon/Network/NetworkServerMission.cpp#L1123-L1165 ; ofpisnotdead-com/CWR-CE@b67bf3bd62:engine/Poseidon/Network/NetworkServerMission.cpp#L1135-L1148
loadMission,GameStateExt.cpp ExtUnary (always),cwr+ce (1.99: unknown; likely a CWR addition),fs-read (probe); net-mp,On a server fopen()s the script string as a raw path and reads only a 20-byte header; if the magic matches it just shifts the mission start time. In effect a logged file-existence / format probe on the server rather than a content read (corrected 2026-09-27),deny,deny,never,BohemiaInteractive/CWR@ffc61838b7:engine/Poseidon/Game/Commands/GameStateExt.cpp#L1039 ; BohemiaInteractive/CWR@ffc61838b7:engine/Poseidon/Game/Commands/GameStateExtWorldConfig.cpp#L930-L938 ; BohemiaInteractive/CWR@ffc61838b7:engine/Poseidon/Network/NetworkServerMission.cpp#L1167-L1214
fillWeaponsFromPool,GameStateExt.cpp ExtUnary (always),cwr+ce (1.99: likely),persist-campaign,Moves pool items to a unit and saves the pool into campaign history,info,template-only (campaign compiler); else approve,never,BohemiaInteractive/CWR@ffc61838b7:engine/Poseidon/Game/Commands/GameStateExt.cpp#L1133 ; BohemiaInteractive/CWR@ffc61838b7:engine/Poseidon/Game/Commands/GameStateExtWorld.cpp#L1325 ; BohemiaInteractive/CWR@ffc61838b7:engine/Poseidon/UI/OptionsUI.cpp#L1335-L1338
addWeaponPool,GameStateExt.cpp ExtUnary (always),cwr+ce (1.99: likely),persist-campaign,Changes the campaign weapon pool (persistence path inferred not traced per command),info,template-only (campaign compiler); else approve,never,BohemiaInteractive/CWR@ffc61838b7:engine/Poseidon/Game/Commands/GameStateExt.cpp#L1115 ; BohemiaInteractive/CWR@ffc61838b7:engine/Poseidon/UI/OptionsUI.cpp#L1386-L1413
addMagazinePool,GameStateExt.cpp ExtUnary (always),cwr+ce (1.99: likely),persist-campaign,Changes the campaign magazine pool (persistence inferred),info,template-only (campaign compiler); else approve,never,BohemiaInteractive/CWR@ffc61838b7:engine/Poseidon/Game/Commands/GameStateExt.cpp#L1116 ; BohemiaInteractive/CWR@ffc61838b7:engine/Poseidon/UI/OptionsUI.cpp#L1414-L1441
putWeaponPool,GameStateExt.cpp ExtUnary (always),cwr+ce (1.99: likely),persist-campaign,Moves a unit's weapons into the pool (persistence inferred),info,template-only (campaign compiler); else approve,never,BohemiaInteractive/CWR@ffc61838b7:engine/Poseidon/Game/Commands/GameStateExt.cpp#L1118 ; BohemiaInteractive/CWR@ffc61838b7:engine/Poseidon/UI/OptionsUI.cpp#L1442-L1499
pickWeaponPool,GameStateExt.cpp ExtUnary (always),cwr+ce (1.99: likely),persist-campaign,Takes weapons from the pool for a unit (persistence inferred),info,template-only (campaign compiler); else approve,never,BohemiaInteractive/CWR@ffc61838b7:engine/Poseidon/Game/Commands/GameStateExt.cpp#L1119 ; BohemiaInteractive/CWR@ffc61838b7:engine/Poseidon/UI/OptionsUI.cpp#L1500-L1557
clearWeaponPool,GameStateExt.cpp ExtNular (always),cwr+ce (1.99: likely),persist-campaign,Empties the campaign weapon pool (persistence inferred),warn,template-only (campaign compiler); else approve,never,BohemiaInteractive/CWR@ffc61838b7:engine/Poseidon/Game/Commands/GameStateExt.cpp#L894 ; BohemiaInteractive/CWR@ffc61838b7:engine/Poseidon/UI/OptionsUI.cpp#L1558-L1577
clearMagazinePool,GameStateExt.cpp ExtNular (always),cwr+ce (1.99: likely),persist-campaign,Empties the campaign magazine pool (persistence inferred),warn,template-only (campaign compiler); else approve,never,BohemiaInteractive/CWR@ffc61838b7:engine/Poseidon/Game/Commands/GameStateExt.cpp#L895 ; BohemiaInteractive/CWR@ffc61838b7:engine/Poseidon/UI/OptionsUI.cpp#L1578-L1597
logInfo,GameStateExt.cpp ExtUnary (always),cwr+ce (1.99: unknown),log-write,Writes mission-controlled text to the engine log at INFO (log lines are parsed by Preview),info; warn if the text imitates engine markers (e.g. 'Script error at' / 'AUTO-TEST SUCCESS' / 'HARNESS_PORT='),allow,console,BohemiaInteractive/CWR@ffc61838b7:engine/Poseidon/Game/Commands/GameStateExt.cpp#L1062 ; BohemiaInteractive/CWR@ffc61838b7:engine/Poseidon/Game/Commands/GameStateExtWorld.cpp#L769-L773
textLog,GameStateExt.cpp ExtUnary (always),cwr+ce (1.99: unknown),log-write,Logs text only in simulate mode (and to the cheat console when cheats are compiled in),info; warn if the text imitates engine markers,allow,console,BohemiaInteractive/CWR@ffc61838b7:engine/Poseidon/Game/Commands/GameStateExt.cpp#L1060 ; BohemiaInteractive/CWR@ffc61838b7:engine/Poseidon/Game/Commands/GameStateExtWorld.cpp#L749-L757
debugLog,GameStateExt.cpp ExtUnary (always),cwr+ce (1.99: unknown),log-write,Logs text only in simulate mode (and to the cheat console when cheats are compiled in),info; warn if the text imitates engine markers,allow,console,BohemiaInteractive/CWR@ffc61838b7:engine/Poseidon/Game/Commands/GameStateExt.cpp#L1061 ; BohemiaInteractive/CWR@ffc61838b7:engine/Poseidon/Game/Commands/GameStateExtWorld.cpp#L759-L767
VBS_addHeader,GameStateExt.cpp ExtUnary (always),cwr+ce (1.99: unknown),fs-write (content),Adds text to the MP report that is written when report writing is enabled,info,deny,never,BohemiaInteractive/CWR@ffc61838b7:engine/Poseidon/Game/Commands/GameStateExt.cpp#L1151 ; BohemiaInteractive/CWR@ffc61838b7:engine/Poseidon/Game/Commands/GameStateExtWorldConfig.cpp#L485-L489 ; BohemiaInteractive/CWR@ffc61838b7:engine/Poseidon/AI/AICenterStats.cpp#L286-L288
VBS_addEvent,GameStateExt.cpp ExtUnary (always),cwr+ce (1.99: unknown),fs-write (content),Adds text to the MP report that is written when report writing is enabled,info,deny,never,BohemiaInteractive/CWR@ffc61838b7:engine/Poseidon/Game/Commands/GameStateExt.cpp#L1152 ; BohemiaInteractive/CWR@ffc61838b7:engine/Poseidon/Game/Commands/GameStateExtWorldConfig.cpp#L491-L495
VBS_addFooter,GameStateExt.cpp ExtUnary (always),cwr+ce (1.99: unknown),fs-write (content),Adds text to the MP report that is written when report writing is enabled,info,deny,never,BohemiaInteractive/CWR@ffc61838b7:engine/Poseidon/Game/Commands/GameStateExt.cpp#L1153 ; BohemiaInteractive/CWR@ffc61838b7:engine/Poseidon/Game/Commands/GameStateExtWorldConfig.cpp#L497-L501
publicVariable,GameStateExt.cpp ExtUnary (always),cwr+ce (1.99: likely),net-mp,Broadcasts a global variable to MP peers,info,allow (MP targets),never,BohemiaInteractive/CWR@ffc61838b7:engine/Poseidon/Game/Commands/GameStateExt.cpp#L1042 ; BohemiaInteractive/CWR@ffc61838b7:engine/Poseidon/Game/Commands/GameStateExtUi.cpp#L2309-L2313
publicVariableArray,GameStateExt.cpp ExtUnary (always),cwr+ce (1.99: unknown),net-mp,Alias of publicVariable (same handler),info,allow (MP targets),never,BohemiaInteractive/CWR@ffc61838b7:engine/Poseidon/Game/Commands/GameStateExt.cpp#L1044
publicVariableString,GameStateExt.cpp ExtUnary (always),cwr+ce (1.99: unknown),net-mp,Alias of publicVariable (same handler),info,allow (MP targets),never,BohemiaInteractive/CWR@ffc61838b7:engine/Poseidon/Game/Commands/GameStateExt.cpp#L1045
publicExec,GameStateExt.cpp ExtUnary (always),cwr+ce (1.99: unknown),net-mp; dynamic-code,Sends a code string that every client Executes; the server relays it only from the game master or the bot client,warn,deny,never,BohemiaInteractive/CWR@ffc61838b7:engine/Poseidon/Game/Commands/GameStateExt.cpp#L1146 ; BohemiaInteractive/CWR@ffc61838b7:engine/Poseidon/Game/Commands/GameStateExtWorldConfig.cpp#L1093-L1102 ; ofpisnotdead-com/CWR-CE@b67bf3bd62:engine/Poseidon/Network/NetworkServerMsgOnMessage.cpp#L589-L604 ; ofpisnotdead-com/CWR-CE@b67bf3bd62:engine/Poseidon/Network/NetworkClientOnMessage.cpp#L2407-L2414
remoteExec,GameStateExt.cpp ExtBinary (always),cwr+ce (1.99: absent per doc 14),net-mp; dynamic-code,Runs a name on MP peers with an encoded payload; optional JIP queue. The receiver executes the global variable's string if the name holds one and otherwise executes '<name> _this' so any unary engine command name (e.g. saveMission / loadFile) is also reachable; the identifier check is syntax only. Non-privileged clients may send to the server or other clients only when the mission's description.ext CfgRemoteExec allows it (see that row),info (sets Requires to CWR); warn if the name is not a literal; deny if the literal name is an engine command whose own lint policy is deny,approve (MP targets only; literal name of a mission-defined function; never an engine command name),never,BohemiaInteractive/CWR@ffc61838b7:engine/Poseidon/Game/Commands/GameStateExt.cpp#L1228 ; BohemiaInteractive/CWR@ffc61838b7:engine/Poseidon/Game/Commands/GameStateExtWorldConfig.cpp#L1183-L1215 ; BohemiaInteractive/CWR@ffc61838b7:engine/Poseidon/Network/NetworkServerMsgOnMessage.cpp#L113-L132 ; BohemiaInteractive/CWR@ffc61838b7:engine/Poseidon/Network/NetworkServerMsgOnMessage.cpp#L684-L692 ; ofpisnotdead-com/CWR-CE@b67bf3bd62:engine/Poseidon/Network/NetworkClientOnMessage.cpp#L226-L245
remoteExecCall,GameStateExt.cpp ExtBinary (always),cwr+ce (1.99: absent per doc 14),net-mp; dynamic-code,As remoteExec without the JIP option (same name resolution and CfgRemoteExec gate),info (sets Requires to CWR); warn if the name is not a literal; deny if the literal name is an engine command whose own lint policy is deny,approve (MP targets only; literal name of a mission-defined function; never an engine command name),never,BohemiaInteractive/CWR@ffc61838b7:engine/Poseidon/Game/Commands/GameStateExt.cpp#L1229 ; BohemiaInteractive/CWR@ffc61838b7:engine/Poseidon/Game/Commands/GameStateExtWorldConfig.cpp#L1217-L1220
remoteExecRemove,GameStateExt.cpp ExtUnary (always),cwr+ce (1.99: absent inferred),net-mp,Removes a queued JIP remoteExec by key (server checks sender),info (sets Requires to CWR),approve (MP targets only),never,BohemiaInteractive/CWR@ffc61838b7:engine/Poseidon/Game/Commands/GameStateExt.cpp#L1147 ; BohemiaInteractive/CWR@ffc61838b7:engine/Poseidon/Game/Commands/GameStateExtWorldConfig.cpp#L1222-L1233
onPlayerConnected,GameStateExt.cpp ExtUnary (always),cwr+ce (1.99: unknown),deferred-code; net-mp,Stores a code string that runs when a player connects,info; warn if the code is not a literal,approve (literal code re-checked),never,BohemiaInteractive/CWR@ffc61838b7:engine/Poseidon/Game/Commands/GameStateExt.cpp#L1040 ; BohemiaInteractive/CWR@ffc61838b7:engine/Poseidon/Game/Commands/GameStateExtWorldConfig.cpp#L940-L945
onPlayerDisconnected,GameStateExt.cpp ExtUnary (always),cwr+ce (1.99: unknown),deferred-code; net-mp,Stores a code string that runs when a player disconnects,info; warn if the code is not a literal,approve (literal code re-checked),never,BohemiaInteractive/CWR@ffc61838b7:engine/Poseidon/Game/Commands/GameStateExt.cpp#L1041 ; BohemiaInteractive/CWR@ffc61838b7:engine/Poseidon/Game/Commands/GameStateExtWorldConfig.cpp#L947-L952
serverPause,GameStateExt.cpp ExtNular (always),cwr+ce (1.99: unknown),net-mp; process,On a server stops world simulation for every player until serverResume,warn,deny,never,BohemiaInteractive/CWR@ffc61838b7:engine/Poseidon/Game/Commands/GameStateExt.cpp#L911 ; BohemiaInteractive/CWR@ffc61838b7:engine/Poseidon/Game/Commands/GameStateExtWorldConfig.cpp#L900-L908
serverResume,GameStateExt.cpp ExtNular (always),cwr+ce (1.99: unknown),net-mp; process,Resumes server simulation,warn,deny,never,BohemiaInteractive/CWR@ffc61838b7:engine/Poseidon/Game/Commands/GameStateExt.cpp#L912 ; BohemiaInteractive/CWR@ffc61838b7:engine/Poseidon/Game/Commands/GameStateExtWorldConfig.cpp#L910-L918
endGame,GameStateExt.cpp ExtNular (always; CWR only),cwr only (CE renamed it triEndGame and gated it),process,Sets the application close request: the game process exits,warn (CWR only; use forceEnd or end triggers),deny,never,BohemiaInteractive/CWR@ffc61838b7:engine/Poseidon/Game/Commands/GameStateExt.cpp#L886 ; BohemiaInteractive/CWR@ffc61838b7:engine/Poseidon/Game/Commands/GameStateExtWorld.cpp#L787-L803
forceEnd,GameStateExt.cpp ExtNular (always),cwr+ce (1.99: likely),process (under --test-mission),Ends the mission; under --test-mission (AutoTest) mission end quits the game (doc 08),info,allow,console,BohemiaInteractive/CWR@ffc61838b7:engine/Poseidon/Game/Commands/GameStateExt.cpp#L885 ; BohemiaInteractive/CWR@ffc61838b7:engine/Poseidon/Game/Commands/GameStateExtWorld.cpp#L781-L785
disableUserInput,GameStateExt.cpp ExtUnary (always),cwr+ce (1.99: likely),ui; input-lock,Blocks all user input until re-enabled; a Preview can be left unusable,warn if no reachable 'disableUserInput false',approve,template ('disableUserInput false' only; for recovery),BohemiaInteractive/CWR@ffc61838b7:engine/Poseidon/Game/Commands/GameStateExt.cpp#L1038 ; BohemiaInteractive/CWR@ffc61838b7:engine/Poseidon/Game/Commands/GameStateExtUi.cpp#L2303-L2307
createDialog,GameStateExt.cpp ExtUnary (always),cwr+ce (1.99: likely),ui,Opens a user dialog from a resource class; can hold focus,info,allow,never,BohemiaInteractive/CWR@ffc61838b7:engine/Poseidon/Game/Commands/GameStateExt.cpp#L1078 ; BohemiaInteractive/CWR@ffc61838b7:engine/Poseidon/Game/Commands/GameStateExtWorldDialog.cpp#L136-L166
buttonSetAction,GameStateExt.cpp ExtUnary (always),cwr+ce (1.99: likely),ui; deferred-code,Stores a code string run when the button is pressed,info; warn if the code is not a literal,allow literal code (re-checked),never,BohemiaInteractive/CWR@ffc61838b7:engine/Poseidon/Game/Commands/GameStateExt.cpp#L1090 ; BohemiaInteractive/CWR@ffc61838b7:engine/Poseidon/Game/Commands/GameStateExtWorldDialog.cpp#L388-L414
onMapSingleClick,GameStateExt.cpp ExtUnary (always),cwr+ce (1.99: likely),ui; deferred-code,Stores a code string run on a map click,info; warn if the code is not a literal,allow literal code (re-checked),never,BohemiaInteractive/CWR@ffc61838b7:engine/Poseidon/Game/Commands/GameStateExt.cpp#L1131
addAction,GameStateExt.cpp ExtBinary (always),cwr+ce (1.99: likely),deferred-code; fs-read,Adds a user action that later runs a script,info; path rules as exec,allow literal project script path,never,BohemiaInteractive/CWR@ffc61838b7:engine/Poseidon/Game/Commands/GameStateExt.cpp#L1363
addEventHandler,GameStateExt.cpp ExtBinary (always),cwr+ce (1.99: likely),deferred-code,Stores code run on an engine event,info; warn if the code is not a literal,allow literal code (re-checked),never,BohemiaInteractive/CWR@ffc61838b7:engine/Poseidon/Game/Commands/GameStateExt.cpp#L1367
setTriggerStatements,GameStateExt.cpp ExtBinary (always),cwr+ce (1.99: unknown),deferred-code,Stores condition/activation code on a trigger created at runtime,info; warn if the code is not a literal,allow literal code (re-checked),never,BohemiaInteractive/CWR@ffc61838b7:engine/Poseidon/Game/Commands/GameStateExt.cpp#L1405
setWaypointStatements,GameStateExt.cpp ExtBinary (always),cwr+ce (1.99: unknown),deferred-code,Stores condition/on-activation code on a waypoint created at runtime,info; warn if the code is not a literal,allow literal code (re-checked),never,BohemiaInteractive/CWR@ffc61838b7:engine/Poseidon/Game/Commands/GameStateExt.cpp#L1432
setWaypointScript,GameStateExt.cpp ExtBinary (always),cwr+ce (1.99: unknown),deferred-code; fs-read,Stores a script path run by a SCRIPTED waypoint,info; path rules as exec,allow literal project script path,never,BohemiaInteractive/CWR@ffc61838b7:engine/Poseidon/Game/Commands/GameStateExt.cpp#L1433
setObjectTexture,GameStateExt.cpp ExtBinary (always),cwr+ce (1.99: likely),fs-read (asset),Loads a texture by path for an object,info; warn if the path contains '..' or ':',allow literal project or addon texture path,never,BohemiaInteractive/CWR@ffc61838b7:engine/Poseidon/Game/Commands/GameStateExt.cpp#L1385 ; BohemiaInteractive/CWR@ffc61838b7:engine/Poseidon/Game/Commands/GameStateExtUi.cpp#L368-L400
setFlagTexture,GameStateExt.cpp ExtBinary (always),cwr+ce (1.99: likely),fs-read (asset),Sets a flag texture by path (EntityAI::SetFlagTexture); path handling not traced (added 2026-09-27),info; warn if the path contains '..' or ':',allow literal project or addon texture path,never,BohemiaInteractive/CWR@ffc61838b7:engine/Poseidon/Game/Commands/GameStateExt.cpp#L1225 ; BohemiaInteractive/CWR@ffc61838b7:engine/Poseidon/Game/Commands/GameStateExtUi.cpp#L330-L347
showDebug,GameStateExt.cpp ExtUnary (always),cwr+ce (1.99: unknown),ui; debug,Shows a global on-screen debug message ['text' / ms] through GlobalShowMessage; it does not toggle evaluator debug output (corrected 2026-09-27),warn,deny,never,BohemiaInteractive/CWR@ffc61838b7:engine/Poseidon/Game/Commands/GameStateExt.cpp#L1211 ; BohemiaInteractive/CWR@ffc61838b7:engine/Poseidon/Game/Commands/GameStateExtObj.cpp#L1168-L1186 ; BohemiaInteractive/CWR@ffc61838b7:engine/Evaluator/express.cpp#L88-L91 ; BohemiaInteractive/CWR@ffc61838b7:engine/Poseidon/Game/Scripting/ExpressExt.cpp#L180-L183
cheatsEnabled,GameStateExt.cpp ExtNular (always),cwr+ce (1.99: unknown),debug,Returns false in these builds (_ENABLE_CHEATS is 0) although it is registered with a Nothing return type,info,deny,never,BohemiaInteractive/CWR@ffc61838b7:engine/Poseidon/Game/Commands/GameStateExt.cpp#L897 ; BohemiaInteractive/CWR@ffc61838b7:engine/Poseidon/Game/Commands/GameStateExtWorld.cpp#L1329-L1336 ; BohemiaInteractive/CWR@ffc61838b7:engine/Poseidon/Foundation/PoseidonPCH.hpp#L44
DBG_screenshot,GameStateExt.cpp ExtUnary (compiled out: _ENABLE_CHEATS 0),none in these builds,compiled-out; fs-write,Would write a screenshot to a raw path; not registered in these builds,deny (unknown command),deny,never,BohemiaInteractive/CWR@ffc61838b7:engine/Poseidon/Game/Commands/GameStateExt.cpp#L1173-L1176 ; BohemiaInteractive/CWR@ffc61838b7:engine/Poseidon/Game/Commands/GameStateExtWorldConfig.cpp#L602-L618
DBG_switchLandscape,GameStateExt.cpp ExtUnary (compiled out: _ENABLE_CHEATS 0),none in these builds,compiled-out; debug,Would switch the loaded island; not registered in these builds,deny (unknown command),deny,never,BohemiaInteractive/CWR@ffc61838b7:engine/Poseidon/Game/Commands/GameStateExt.cpp#L1173-L1176 ; BohemiaInteractive/CWR@ffc61838b7:engine/Poseidon/Game/Commands/GameStateExtWorldConfig.cpp#L602-L611
diag_drawmode,SceneDraw.cpp ObjUnary (compiled out: whole block is inside #if _ENABLE_CHEATS),none in these builds (corrected 2026-09-27: not 'always'),compiled-out; debug,Would switch the global diagnostic draw mode (geometry and path views); not registered in these builds,deny (unknown command),deny,never,BohemiaInteractive/CWR@ffc61838b7:engine/Poseidon/World/Scene/SceneDraw.cpp#L469-L555 ; BohemiaInteractive/CWR@ffc61838b7:engine/Poseidon/World/Scene/SceneDraw.cpp#L497-L505 ; ofpisnotdead-com/CWR-CE@b67bf3bd62:engine/Poseidon/World/Scene/SceneDraw.cpp#L596-L682 ; BohemiaInteractive/CWR@ffc61838b7:engine/Poseidon/Foundation/PoseidonPCH.hpp#L44
diag_toggle,SceneDraw.cpp ObjUnary (compiled out: whole block is inside #if _ENABLE_CHEATS),none in these builds (corrected 2026-09-27: not 'always'),compiled-out; debug,Would toggle a global diagnostic flag; not registered in these builds,deny (unknown command),deny,never,BohemiaInteractive/CWR@ffc61838b7:engine/Poseidon/World/Scene/SceneDraw.cpp#L469-L555 ; BohemiaInteractive/CWR@ffc61838b7:engine/Poseidon/World/Scene/SceneDraw.cpp#L527-L537 ; ofpisnotdead-com/CWR-CE@b67bf3bd62:engine/Poseidon/World/Scene/SceneDraw.cpp#L596-L682
diag_enable,SceneDraw.cpp ObjBinary (compiled out: whole block is inside #if _ENABLE_CHEATS),none in these builds (corrected 2026-09-27: not 'always'),compiled-out; debug,Would set or clear global diagnostic flags; not registered in these builds,deny (unknown command),deny,never,BohemiaInteractive/CWR@ffc61838b7:engine/Poseidon/World/Scene/SceneDraw.cpp#L469-L555 ; BohemiaInteractive/CWR@ffc61838b7:engine/Poseidon/World/Scene/SceneDraw.cpp#L507-L525 ; ofpisnotdead-com/CWR-CE@b67bf3bd62:engine/Poseidon/World/Scene/SceneDraw.cpp#L596-L682
while,express.cpp DefaultUnary (always),cwr+ce (1.99: likely),resource,While-do is capped at 10000 iterations per loop; nesting multiplies the cost and can stall a frame,info; warn on nested loops,allow,template,BohemiaInteractive/CWR@ffc61838b7:engine/Evaluator/express.cpp#L1194 ; BohemiaInteractive/CWR@ffc61838b7:engine/Evaluator/express.cpp#L788-L798
for,express.cpp DefaultUnary (always),cwr+ce (1.99: unknown),resource,For-loop is capped at 100000 iterations per loop,info; warn on nested loops,allow,template,BohemiaInteractive/CWR@ffc61838b7:engine/Evaluator/express.cpp#L1195 ; BohemiaInteractive/CWR@ffc61838b7:engine/Evaluator/express.cpp#L944-L953
resize,express.cpp DefaultBinary (always),cwr+ce (1.99: unknown),resource,Resizes an array with no upper bound,info; warn if the size is not a literal or exceeds 100000,allow literal small sizes,template,BohemiaInteractive/CWR@ffc61838b7:engine/Evaluator/express.cpp#L1131 ; BohemiaInteractive/CWR@ffc61838b7:engine/Evaluator/express.cpp#L642-L655
triHttpGet,GameStateExtTestGeneric.cpp INIT_MODULE (UNCONDITIONAL),cwr+ce,net-internet; test-only,GET of any URL returning up to 64 KiB to the script: an egress channel for any mission. Non-Windows: libcurl with redirects on and no CURLOPT_PROTOCOLS limit so file:// or gopher:// URLs may also work if the linked libcurl enables them (unverified). Windows: WinINet InternetOpenUrlA without INTERNET_FLAG_NO_COOKIES (cookie behaviour unverified); URLs longer than 255 chars fail InternetCanonicalizeUrl. The dedicated server probably registers it too because its test-verb TU references TriAssertEq from the Generic TU (unverified),deny,deny,never,BohemiaInteractive/CWR@ffc61838b7:engine/Poseidon/Game/Commands/GameStateExtTestGeneric.cpp#L416-L430 ; BohemiaInteractive/CWR@ffc61838b7:engine/Poseidon/Game/Commands/GameStateExtTestGeneric.cpp#L437-L456 ; BohemiaInteractive/CWR@ffc61838b7:engine/Poseidon/Network/XML/Xml.cpp#L80-L117 ; BohemiaInteractive/CWR@ffc61838b7:engine/Poseidon/Network/XML/Xml.cpp#L266-L297 ; BohemiaInteractive/CWR@ffc61838b7:engine/Poseidon/Network/XML/Xml.cpp#L940-L1030 ; BohemiaInteractive/CWR@ffc61838b7:engine/Poseidon/Game/Commands/GameStateExtServerTest.cpp#L84-L98
triAssert* / triRefute / triRecordRemoteExec / triRemoteExecLog / triClearRemoteExecLog,GameStateExtTestGeneric.cpp INIT_MODULE (UNCONDITIONAL),cwr+ce,test-only,In-memory comparisons and a test log; no external effect,warn (test verbs in shipped content),deny,allow (probe suite only),BohemiaInteractive/CWR@ffc61838b7:engine/Poseidon/Game/Commands/GameStateExtTestGeneric.cpp#L437-L456
triGet*,GameStateExtTestGetters.cpp INIT_MODULE (UNCONDITIONAL),cwr+ce,test-only; read-only,Read-only diagnostics (window/GL/audio/UI state; the chat line list; the active mod list; admin and ban state); together with triHttpGet an information-leak channel for any mission [I],warn (test verbs in shipped content),deny,allow (probe suite only),BohemiaInteractive/CWR@ffc61838b7:engine/Poseidon/Game/Commands/GameStateExtTestGetters.cpp#L443-L459 ; BohemiaInteractive/CWR@ffc61838b7:engine/Poseidon/Game/Commands/GameStateExtTestGetters.cpp#L534-L588
triConsoleRun,GameStateExtTestAudio.cpp INIT_MODULE (gated: --dev / --harness / --test-mission),cwr+ce,test-only; debug; dynamic-code,Runs a debug-console command (save / load / unlockcampaign / storepos / god / endmission ...) or arbitrary SQF,deny,deny,never,BohemiaInteractive/CWR@ffc61838b7:engine/Poseidon/Game/Commands/GameStateExtTestAudio.cpp#L3069 ; BohemiaInteractive/CWR@ffc61838b7:engine/Poseidon/Game/Commands/GameStateExtTestAudio.cpp#L1273-L1298 ; BohemiaInteractive/CWR@ffc61838b7:engine/Poseidon/Dev/Debug/DebugCheats.cpp#L735-L780
triSaveGame,GameStateExtTestAudio.cpp INIT_MODULE (gated),cwr+ce,test-only; fs-write,Writes <tmp save dir>/<label>.fps; the label is not sanitised (path traversal),deny,deny,never,BohemiaInteractive/CWR@ffc61838b7:engine/Poseidon/Game/Commands/GameStateExtTestAudio.cpp#L2973 ; BohemiaInteractive/CWR@ffc61838b7:engine/Poseidon/Game/Commands/GameStateExtTestAudio.cpp#L2797-L2811
triLoadGame,GameStateExtTestAudio.cpp INIT_MODULE (gated),cwr+ce,test-only; fs-read,Loads <tmp save dir>/<label>.fps; the label is not sanitised,deny,deny,never,BohemiaInteractive/CWR@ffc61838b7:engine/Poseidon/Game/Commands/GameStateExtTestAudio.cpp#L2974 ; ofpisnotdead-com/CWR-CE@b67bf3bd62:engine/Poseidon/Game/Commands/GameStateExtTestAudio.cpp#L2846-L2860
triMakeProfileReadOnly,GameStateExtTestAudio.cpp INIT_MODULE (gated),cwr+ce,test-only; fs-write (attributes),Recursively removes write permission under <UserDir>/Users/<name>; the name is not validated so '..' reaches other directory trees,deny,deny,never,BohemiaInteractive/CWR@ffc61838b7:engine/Poseidon/Game/Commands/GameStateExtTestAudio.cpp#L3108 ; BohemiaInteractive/CWR@ffc61838b7:engine/Poseidon/Game/Commands/GameStateExtTestAudio.cpp#L1785-L1814 ; BohemiaInteractive/CWR@ffc61838b7:engine/Poseidon/Core/Profile/ProfileManager.cpp#L93-L102
triSetActiveProfile,GameStateExtTestAudio.cpp INIT_MODULE (gated),cwr+ce,test-only; persist-profile,Saves the active profile name into the game settings file (survives restarts),deny,deny,never,BohemiaInteractive/CWR@ffc61838b7:engine/Poseidon/Game/Commands/GameStateExtTestAudio.cpp#L3107 ; BohemiaInteractive/CWR@ffc61838b7:engine/Poseidon/Game/Commands/GameStateExtTestAudio.cpp#L1778-L1783 ; BohemiaInteractive/CWR@ffc61838b7:engine/Poseidon/UI/Settings/GameSettingsConfig.cpp#L311-L325
triAssertProfileMissing,GameStateExtTestAudio.cpp INIT_MODULE (gated),cwr+ce,test-only; fs-read (existence),Reveals whether a directory exists (unvalidated name),deny,deny,never,BohemiaInteractive/CWR@ffc61838b7:engine/Poseidon/Game/Commands/GameStateExtTestAudio.cpp#L3109 ; ofpisnotdead-com/CWR-CE@b67bf3bd62:engine/Poseidon/Game/Commands/GameStateExtTestAudio.cpp#L1824-L1833
triScreenshot,GameStateExtTestAudio.cpp INIT_MODULE (gated),cwr+ce,test-only; fs-write,Writes PNG and BMP to <TRI_OUTPUT_DIR or /tmp/ofpr/tri-screenshots>/NNN_<label>; the label is not sanitised (the 'NNN_' prefix means '..' escapes need lexical path normalisation as on Windows or an existing prefix directory [I]),deny,deny,never,BohemiaInteractive/CWR@ffc61838b7:engine/Poseidon/Game/Commands/GameStateExtTestAudio.cpp#L3135 ; BohemiaInteractive/CWR@ffc61838b7:engine/Poseidon/Game/Commands/GameStateExtTestRender.cpp#L225-L260
triShadowSceneDump,GameStateExtTestAudio.cpp INIT_MODULE (gated),cwr+ce,test-only; fs-write,Writes <tri output dir>/<label>.png; the label is not sanitised,deny,deny,never,BohemiaInteractive/CWR@ffc61838b7:engine/Poseidon/Game/Commands/GameStateExtTestAudio.cpp#L3138 ; BohemiaInteractive/CWR@ffc61838b7:engine/Poseidon/Game/Commands/GameStateExtTestRender.cpp#L482-L497
triRdcCapture,GameStateExtTestAudio.cpp INIT_MODULE (gated),cwr+ce,test-only; debug; fs-write,Triggers a RenderDoc capture and sets its output path template (only when RenderDoc is loaded),deny,deny,never,BohemiaInteractive/CWR@ffc61838b7:engine/Poseidon/Game/Commands/GameStateExtTestAudio.cpp#L3056 ; BohemiaInteractive/CWR@ffc61838b7:engine/Poseidon/Game/Commands/GameStateExtTestAudio.cpp#L1113-L1127
triCheatUnlockCampaign,GameStateExtTestAudio.cpp INIT_MODULE (gated),cwr+ce,test-only; persist-campaign,Writes <tmp save dir>/<campaign>.sqc for every installed campaign,deny,deny,never,BohemiaInteractive/CWR@ffc61838b7:engine/Poseidon/Game/Commands/GameStateExtTestAudio.cpp#L3048 ; BohemiaInteractive/CWR@ffc61838b7:engine/Poseidon/Game/Commands/GameStateExtTestAudio.cpp#L1509-L1516
triCheatSaveGame / triCheatLoadGame,GameStateExtTestAudio.cpp INIT_MODULE (gated),cwr+ce,test-only; fs-write; fs-read,Force-saves or restores <save dir>/save.fps,deny,deny,never,BohemiaInteractive/CWR@ffc61838b7:engine/Poseidon/Game/Commands/GameStateExtTestAudio.cpp#L3046-L3047 ; ofpisnotdead-com/CWR-CE@b67bf3bd62:engine/Poseidon/Game/Commands/GameStateExtTestAudio.cpp#L1538-L1564
triCheatStorePosition,GameStateExtTestAudio.cpp INIT_MODULE (gated); also the 'storepos' console command via triConsoleRun,cwr+ce,test-only; clipboard-write,Logs the camera and player position and overwrites the user's system clipboard (SDL_SetClipboardText) (added 2026-09-27),deny,deny,never,BohemiaInteractive/CWR@ffc61838b7:engine/Poseidon/Game/Commands/GameStateExtTestAudio.cpp#L3045 ; BohemiaInteractive/CWR@ffc61838b7:engine/Poseidon/Game/Commands/GameStateExtTestAudio.cpp#L1518-L1531 ; BohemiaInteractive/CWR@ffc61838b7:engine/Poseidon/Dev/Debug/DebugCheats.cpp#L557-L619
triCheat* (god / infinite ammo fuel armor / weather / time / skip time / show all units / map teleport / end-mission outcomes) + triTeleportPlayerTo,GameStateExtTestAudio.cpp INIT_MODULE (gated),cwr+ce,test-only; debug,Gameplay cheats through the debug-cheat layer (triCheatStorePosition has its own row),deny,deny,never,BohemiaInteractive/CWR@ffc61838b7:engine/Poseidon/Game/Commands/GameStateExtTestAudio.cpp#L3045-L3050 ; BohemiaInteractive/CWR@ffc61838b7:engine/Poseidon/Game/Commands/GameStateExtTestAudio.cpp#L3063-L3064 ; BohemiaInteractive/CWR@ffc61838b7:engine/Poseidon/Game/Commands/GameStateExtTestAudio.cpp#L3085-L3097 ; BohemiaInteractive/CWR@ffc61838b7:engine/Poseidon/Dev/Debug/DebugCheats.cpp#L735-L780
triReadWorkshopFile,GameStateExtTestAudio.cpp INIT_MODULE (gated),cwr+ce,test-only; fs-read,Reads a file under <WorkshopDir>/@<modId>; rejects '..' components and absolute paths (a good in-engine confinement example; but on Windows a drive-relative component such as 'D:x' is not absolute and std::filesystem operator/ replaces the base when the drive differs so the check may be incomplete there (unverified)),deny,deny,never,BohemiaInteractive/CWR@ffc61838b7:engine/Poseidon/Game/Commands/GameStateExtTestAudio.cpp#L3011 ; ofpisnotdead-com/CWR-CE@b67bf3bd62:engine/Poseidon/Game/Commands/GameStateExtTest.cpp#L637-L660
triFetchWorkshopMods,GameStateExtTestAudio.cpp INIT_MODULE (gated),cwr+ce,test-only; net-internet,Fetches the mod catalogue from the configured master server,deny,deny,never,BohemiaInteractive/CWR@ffc61838b7:engine/Poseidon/Game/Commands/GameStateExtTestAudio.cpp#L3010 ; ofpisnotdead-com/CWR-CE@b67bf3bd62:engine/Poseidon/Game/Commands/GameStateExtTest.cpp#L625-L635
triDownloadFile,GameStateExtTestAudio.cpp INIT_MODULE (gated; CE only),ce only,test-only; net-internet; fs-write,Downloads any URL through the mod-download transport (libcurl with redirects on and no protocol limit; file:// may work (unverified)) to <tri output dir>/download-fixture.txt and returns the body,deny,deny,never,ofpisnotdead-com/CWR-CE@b67bf3bd62:engine/Poseidon/Game/Commands/GameStateExtTestAudio.cpp#L3043 ; ofpisnotdead-com/CWR-CE@b67bf3bd62:engine/Poseidon/Game/Commands/GameStateExtTest.cpp#L662-L682 ; ofpisnotdead-com/CWR-CE@b67bf3bd62:engine/Poseidon/UI/ModDownloadSupport.hpp#L40-L66 ; ofpisnotdead-com/CWR-CE@b67bf3bd62:engine/Poseidon/Network/MasterServerServiceClient.cpp#L433-L459
triFontTune,GameStateExtTestAudio.cpp INIT_MODULE (gated),cwr+ce,test-only; fs-read,Rewrites a global font-table row; an optional 7th element sets a TTF path that the font renderers then load (any path; the file goes to the font parser; the load step is inferred) (added 2026-09-27),deny,deny,never,BohemiaInteractive/CWR@ffc61838b7:engine/Poseidon/Game/Commands/GameStateExtTestAudio.cpp#L3261 ; ofpisnotdead-com/CWR-CE@b67bf3bd62:engine/Poseidon/Game/Commands/GameStateExtTestAudio.cpp#L2150-L2186 ; BohemiaInteractive/CWR@ffc61838b7:engine/Poseidon/Graphics/Rendering/Draw/Font.cpp#L99-L133
triEndGame,GameStateExtTestAudio.cpp INIT_MODULE (gated; CE only),ce only,test-only; process,CE's gated replacement for endGame: the game process exits,deny,deny,never,ofpisnotdead-com/CWR-CE@b67bf3bd62:engine/Poseidon/Game/Commands/GameStateExtTestAudio.cpp#L2996 ; ofpisnotdead-com/CWR-CE@b67bf3bd62:engine/Poseidon/Game/Commands/GameStateExtWorld.cpp#L787-L803
triEndTest,GameStateExtTestAudio.cpp INIT_MODULE (gated); server via RegisterServerTriCommands (gated),cwr+ce,test-only; process,Requests a clean shutdown (or _exit(0) when no application object exists),deny,deny,never,BohemiaInteractive/CWR@ffc61838b7:engine/Poseidon/Game/Commands/GameStateExtTestAudio.cpp#L2971 ; BohemiaInteractive/CWR@ffc61838b7:engine/Poseidon/Game/Commands/GameStateExtServerTest.cpp#L21-L41 ; BohemiaInteractive/CWR@ffc61838b7:apps/cwr/Server/ServerApplication.cpp#L171-L174
triEndMission / triRemount,GameStateExtTestAudio.cpp INIT_MODULE (gated),cwr+ce,test-only; process,Ends the mission with a chosen outcome / re-mounts content and mods,deny,deny,never,BohemiaInteractive/CWR@ffc61838b7:engine/Poseidon/Game/Commands/GameStateExtTestAudio.cpp#L3039-L3042 ; ofpisnotdead-com/CWR-CE@b67bf3bd62:engine/Poseidon/Game/Commands/GameStateExtTestAudio.cpp#L2083-L2104
triNetCommand,GameStateExtTestAudio.cpp INIT_MODULE (gated); server via RegisterServerTriCommands (gated),cwr+ce,test-only; net-mp,Runs a chat command such as #login / #kick / #ban through NetworkManager::ProcessCommand,deny,deny,never,BohemiaInteractive/CWR@ffc61838b7:engine/Poseidon/Game/Commands/GameStateExtTestAudio.cpp#L3187 ; BohemiaInteractive/CWR@ffc61838b7:engine/Poseidon/Game/Commands/GameStateExtServerTest.cpp#L43-L59 ; BohemiaInteractive/CWR@ffc61838b7:engine/Poseidon/Game/Commands/GameStateExtServerTest.cpp#L90-L98
triSendKey / triKeyDown / triSendText / triTypeText / triClick / triClickAt / triInvokeButton / triMouseDown / triGpadButton,GameStateExtTestAudio.cpp INIT_MODULE (gated),cwr+ce,test-only; ui; input-injection,Synthetic keyboard / mouse / gamepad / button input: can drive any menu (profiles / saves / quit); a synthetic Ctrl+V into a mission dialog's edit control would paste the user's clipboard where ctrlText can read it [I],deny,deny,never,BohemiaInteractive/CWR@ffc61838b7:engine/Poseidon/Game/Commands/GameStateExtTestAudio.cpp#L3003-L3005 ; BohemiaInteractive/CWR@ffc61838b7:engine/Poseidon/Game/Commands/GameStateExtTestAudio.cpp#L3026-L3038 ; BohemiaInteractive/CWR@ffc61838b7:engine/Poseidon/Game/Commands/GameStateExtTestAudio.cpp#L3126-L3132 ; BohemiaInteractive/CWR@ffc61838b7:engine/Poseidon/UI/Controls/UIControls.cpp#L1729-L1750
triBindAction,GameStateExtTestAudio.cpp INIT_MODULE (gated),cwr+ce,test-only; persist-profile (unverified),Replaces an action's input binding in every context in memory (whether it is saved to the profile on exit is unknown),deny,deny,never,BohemiaInteractive/CWR@ffc61838b7:engine/Poseidon/Game/Commands/GameStateExtTestAudio.cpp#L3269 ; ofpisnotdead-com/CWR-CE@b67bf3bd62:engine/Poseidon/Game/Commands/GameStateExtTestMap.cpp#L73-L105
triSetLanguage / triSetVoiceLanguage,GameStateExtTestAudio.cpp INIT_MODULE (gated),cwr+ce,test-only; settings,Switches the UI or voice-over language (persistence unknown),deny,deny,never,BohemiaInteractive/CWR@ffc61838b7:engine/Poseidon/Game/Commands/GameStateExtTestAudio.cpp#L3184-L3186 ; ofpisnotdead-com/CWR-CE@b67bf3bd62:engine/Poseidon/Game/Commands/GameStateExtTest.cpp#L1923-L1945
triSetVolume / triSetEAX / triSwitchOutputDevice / triSetBrightness,GameStateExtTestAudio.cpp INIT_MODULE (gated),cwr+ce,test-only; settings,Changes audio volume / EAX / output device / brightness (persistence unknown),deny,deny,never,BohemiaInteractive/CWR@ffc61838b7:engine/Poseidon/Game/Commands/GameStateExtTestAudio.cpp#L2972 ; BohemiaInteractive/CWR@ffc61838b7:engine/Poseidon/Game/Commands/GameStateExtTestAudio.cpp#L3208 ; BohemiaInteractive/CWR@ffc61838b7:engine/Poseidon/Game/Commands/GameStateExtTestAudio.cpp#L3234-L3236 ; ofpisnotdead-com/CWR-CE@b67bf3bd62:engine/Poseidon/Game/Commands/GameStateExtTestAudio.cpp#L337-L387 ; ofpisnotdead-com/CWR-CE@b67bf3bd62:engine/Poseidon/Game/Commands/GameStateExtTestAudio.cpp#L658 ; ofpisnotdead-com/CWR-CE@b67bf3bd62:engine/Poseidon/Game/Commands/GameStateExtTest.cpp#L2043-L2054
triMpAssignSelf / triMpAssignSelfSlot / triMpClientReady,GameStateExtTestAudio.cpp INIT_MODULE (gated),cwr+ce,test-only; net-mp,Takes an MP slot or marks the client ready,deny,deny,never,BohemiaInteractive/CWR@ffc61838b7:engine/Poseidon/Game/Commands/GameStateExtTestAudio.cpp#L3303-L3306
triSideChat / triMuteVoN / triIgnoreChat / triSendVonTestTone / triSetVoiceIndicators,GameStateExtTestAudio.cpp INIT_MODULE (gated),cwr+ce,test-only; net-mp,Sends chat or voice test tones and changes mute or ignore state,deny,deny,never,BohemiaInteractive/CWR@ffc61838b7:engine/Poseidon/Game/Commands/GameStateExtTestAudio.cpp#L3283-L3291
triWaitFrames / triSimFrames / triSetSimTime / triPauseGame,GameStateExtTestAudio.cpp INIT_MODULE (gated),cwr+ce,test-only; resource,Pumps up to 600 frames inside one script call (triSimFrames runs full AppIdle ticks re-entrantly) / rewrites the simulation clock / pauses,deny,deny,never,BohemiaInteractive/CWR@ffc61838b7:engine/Poseidon/Game/Commands/GameStateExtTestAudio.cpp#L3164-L3166 ; BohemiaInteractive/CWR@ffc61838b7:engine/Poseidon/Game/Commands/GameStateExtTestAudio.cpp#L3265 ; ofpisnotdead-com/CWR-CE@b67bf3bd62:engine/Poseidon/Game/Commands/GameStateExtTest.cpp#L1974-L2041
tri* (all other gated verbs),GameStateExtTestAudio.cpp INIT_MODULE (gated: --dev / --harness / --test-mission),cwr+ce,test-only,About 300 test verbs become visible to every mission script whenever Preview uses --test-mission or --harness,deny,deny,never (probe suite may use the read-only verbs listed in doc 24 section 5.4),BohemiaInteractive/CWR@ffc61838b7:engine/Poseidon/Game/Commands/GameStateExtTestAudio.cpp#L2960-L3315 ; ofpisnotdead-com/CWR-CE@b67bf3bd62:engine/Poseidon/Game/Commands/GameStateExtTestAudio.cpp#L2990-L2994
description.ext CfgRemoteExec (config; not a command),NetworkServerMission.cpp (read from the mission's description.ext when the server loads the mission),cwr+ce (CWR addition inferred),net-mp; policy,Mission-controlled remoteExec policy: no class or mode 0 = only the game master and the bot client may remoteExec; mode 1 = names listed as classes under Functions or Commands; mode 2 = any client may remoteExec any name on the server and on other clients (including unary engine commands such as saveMission on the server) (added 2026-09-27),warn on mode 1; deny on mode 2 or on a Commands entry whose own lint policy is deny,template-only (MP generator may emit mode 1 listing mission-defined functions only),never,BohemiaInteractive/CWR@ffc61838b7:engine/Poseidon/Network/NetworkServerMission.cpp#L77-L115 ; BohemiaInteractive/CWR@ffc61838b7:engine/Poseidon/Network/NetworkServerMission.cpp#L384-L395 ; BohemiaInteractive/CWR@ffc61838b7:engine/Poseidon/Network/NetworkServerAuth.hpp#L65-L109 ; BohemiaInteractive/CWR@ffc61838b7:engine/Poseidon/Network/NetworkServerMsgOnMessage.cpp#L684-L692
#include in configs (description.ext / loadConfig files / any ParamFile parse),PreprocC Preprocessor (the ParamFile default preprocessor),cwr+ce,fs-read,Tries the raw include name first (absolute paths possible) and only then a path relative to the including file; the included file is parsed as config so this is a probe or a read of config-shaped files (whether every mission config parse goes through ParamFile preprocessing is inferred) (added 2026-09-27),deny if the name breaks rule L2; warn on a leading '\',deny outside project files,never,BohemiaInteractive/CWR@ffc61838b7:engine/Poseidon/IO/PreprocC/PreprocC.cpp#L28-L49 ; BohemiaInteractive/CWR@ffc61838b7:engine/Poseidon/IO/PreprocC/PreprocC.cpp#L63-L72 ; BohemiaInteractive/CWR@ffc61838b7:engine/Poseidon/IO/ParamFile/ParamFileUsePreprocC.cpp#L11-L21
harness:eval,HarnessBuiltins RegisterSqf (with --harness),cwr+ce,harness; dynamic-code,Evaluates arbitrary SQF (every command in this file) in one process-wide local scope and returns the result text,n/a,deny direct use (agent reaches Preview only through product tools),template; console,BohemiaInteractive/CWR@ffc61838b7:engine/Poseidon/Dev/Harness/HarnessBuiltins.cpp#L73-L97
harness:exec,HarnessBuiltins RegisterSqf (with --harness),cwr+ce,harness; dynamic-code,Executes arbitrary SQF fire-and-forget in the same scope,n/a,deny direct use,template; console,BohemiaInteractive/CWR@ffc61838b7:engine/Poseidon/Dev/Harness/HarnessBuiltins.cpp#L98-L111
harness:screenshot,HarnessBuiltins RegisterScreenshot (client with --harness),cwr+ce,harness; fs-write,Writes a screenshot to the raw path in the request,n/a,deny direct use,allow (path generated by us inside the preview stage),BohemiaInteractive/CWR@ffc61838b7:engine/Poseidon/Dev/Harness/HarnessBuiltins.cpp#L56-L71
harness:http_fixture,HarnessBuiltins RegisterHttpFixtures (client and server with --harness),cwr+ce,harness; net-internet,Rewrites an exact HTTP(S) URL to a target that only has to start with a loopback prefix (userinfo not rejected); curl follows redirects,n/a,deny,never,BohemiaInteractive/CWR@ffc61838b7:engine/Poseidon/Dev/Harness/HarnessBuiltins.cpp#L114-L130 ; BohemiaInteractive/CWR@ffc61838b7:engine/Poseidon/Network/HttpTestRewrite.cpp#L21-L55 ; BohemiaInteractive/CWR@ffc61838b7:engine/Poseidon/Network/XML/Xml.cpp#L98-L101
harness:query(download),AnswerServiceQuery via the client HarnessHandleQuery and via the dedicated server's query handler (with --harness),cwr+ce,harness; net-internet; fs-write,Downloads any URL to any destination path (also on the dedicated server),n/a,deny,never,BohemiaInteractive/CWR@ffc61838b7:engine/Poseidon/Dev/Harness/HarnessBuiltins.cpp#L753-L792 ; BohemiaInteractive/CWR@ffc61838b7:engine/Poseidon/Dev/Harness/HarnessBuiltins.cpp#L795-L834 ; BohemiaInteractive/CWR@ffc61838b7:apps/cwr/Game/GameApplication.cpp#L427-L442 ; BohemiaInteractive/CWR@ffc61838b7:apps/cwr/Server/ServerApplication.cpp#L434-L445
harness:query(mp_join),AnswerServiceQuery via the client HarnessHandleQuery (also reachable through the dedicated server's query handler) (with --harness),cwr+ce,harness; net-mp,Arms a connect to any address and port with a password and optionally re-mounts mods,n/a,deny,never,BohemiaInteractive/CWR@ffc61838b7:engine/Poseidon/Dev/Harness/HarnessBuiltins.cpp#L655-L682
harness:query(master_server_* / mp_resolve),AnswerServiceQuery via the client HarnessHandleQuery and the dedicated server's query handler (with --harness),cwr+ce,harness; net-internet,Outbound queries to the configured master server,n/a,deny,never,BohemiaInteractive/CWR@ffc61838b7:engine/Poseidon/Dev/Harness/HarnessBuiltins.cpp#L381-L649 ; BohemiaInteractive/CWR@ffc61838b7:engine/Poseidon/Dev/Harness/HarnessBuiltins.cpp#L684-L751
harness:query(players / mission / ngs / world / play_state / von_state / connections / roles),HarnessHandleQuery / AnswerNetworkQuery (client and dedicated server with --harness),cwr+ce,harness; read-only,Read-only game and network state,n/a,deny direct use,allow,BohemiaInteractive/CWR@ffc61838b7:engine/Poseidon/Dev/Harness/HarnessBuiltins.cpp#L132-L328 ; BohemiaInteractive/CWR@ffc61838b7:apps/cwr/Game/GameApplication.cpp#L427-L442
harness:key / key_up,HarnessBuiltins RegisterKeyInjection (client with --harness),cwr+ce,harness; input-injection,Pushes synthetic SDL key events,n/a,deny,never (until a product feature needs fixed scancodes),BohemiaInteractive/CWR@ffc61838b7:engine/Poseidon/Dev/Harness/HarnessBuiltins.cpp#L836-L872
harness:exit,HarnessServer (TCP thread),cwr+ce,harness; process,Requests a clean game shutdown and closes the connection,n/a,deny direct use,allow,BohemiaInteractive/CWR@ffc61838b7:engine/Poseidon/Dev/Harness/HarnessServer.cpp#L396-L402
harness:ping / describe,HarnessServer (TCP thread),cwr+ce,harness; read-only,Health check and command catalogue,n/a,deny direct use,allow,BohemiaInteractive/CWR@ffc61838b7:engine/Poseidon/Dev/Harness/HarnessServer.cpp#L382-L394
